opened,closed,side,entry_type,entry,exit,amount,leverage,gross_pnl,net_pnl,fees,reason,sentiment,tp1_hit
2017-09-29 00:00:00+00:00,2017-09-29 08:00:00+00:00,short,squeeze_breakout,280.0,297.01,1.0876320696084516,0.30453697949036646,-18.196084524549388,-18.82365910503416,0.6275745804847727,regime_flip,68.46952986952044,False
2017-10-03 08:00:00+00:00,2017-10-04 04:00:00+00:00,short,squeeze_breakout,291.0,295.89,0.8467261841667673,0.2512023677395482,-3.894093720982952,-4.391028851208586,0.49693513022563407,regime_flip,82.65639128982485,False
2017-10-09 16:00:00+00:00,2017-10-10 00:00:00+00:00,short,squeeze_breakout,288.26,298.55,1.4006232105375522,0.4135724533715924,-14.008669189761886,-14.830568895937427,0.8218997061755411,regime_flip,64.14635409063824,False
2017-10-18 00:00:00+00:00,2017-10-18 20:00:00+00:00,short,squeeze_breakout,305.51,309.7,0.9398533645007981,0.2987872860635693,-3.6508509958697033,-4.22905818424424,0.5782071883745361,regime_flip,53.03685262045889,False
2017-10-23 12:00:00+00:00,2017-10-24 00:00:00+00:00,short,squeeze_breakout,279.48,298.44,1.2116154735640692,0.3540282301845823,-22.63360708622304,-23.333823900705188,0.7002168144821469,stop_loss,31.01123369533989,False
2017-10-29 12:00:00+00:00,2017-11-01 08:00:00+00:00,long,squeeze_breakout,308.11,297.92,2.190065397807226,0.7233842025825928,-21.641985353937244,-22.969230686970356,1.3272453330331133,stop_loss,59.645335658532545,False
2017-11-02 00:00:00+00:00,2017-11-03 08:00:00+00:00,short,squeeze_breakout,285.95,294.64,1.5788072194009957,0.4965641280079378,-13.268374812206934,-14.185014495718958,0.9166396835120241,stop_loss,63.198067438761754,False
2017-11-23 08:00:00+00:00,2017-11-29 16:00:00+00:00,long,squeeze_breakout,398.03,419.76,0.8107881108979249,0.3607678363330311,32.38533383723915,31.707835237832292,0.6774985994068605,stop_loss,70.33333333333333,True
2017-11-30 00:00:00+00:00,2017-11-30 12:00:00+00:00,long,mean_reversion,450.23,392.77,0.5928356063978484,0.28826843746855824,-33.79742156855188,-34.29718198474527,0.4997604161933862,stop_loss,57.07189883372492,False
2017-11-30 16:00:00+00:00,2017-12-03 20:00:00+00:00,long,mean_reversion,431.09,460.3,0.42819345443659856,0.20708981855115427,12.692120720366134,12.310433357015894,0.3816873633502396,stop_loss,49.94711172394935,False
2017-12-11 20:00:00+00:00,2017-12-19 00:00:00+00:00,long,squeeze_breakout,508.7,809.01,0.32687330187893,0.18404486251808966,67.43844034185899,67.03860728463418,0.39983305722481655,take_profit_full,70.0,True
2017-12-19 04:00:00+00:00,2017-12-21 12:00:00+00:00,long,squeeze_breakout,835.0,723.0,0.273889150508279,0.2356854838709678,-30.446887416252835,-30.873606712744735,0.42671929649189866,stop_loss,73.33333333333334,False
2017-12-22 08:00:00+00:00,2017-12-23 20:00:00+00:00,long,mean_reversion,647.0,640.34,0.22901940224505143,0.15775980381911792,-1.3770936656994868,-1.6719195029856313,0.29482583728614453,trend_reversal,39.341254001381714,False
2018-01-02 00:00:00+00:00,2018-01-08 00:00:00+00:00,long,squeeze_breakout,826.92,1208.55,0.27299555427622907,0.24081374547572496,74.57062477978756,74.04478893300733,0.5258358467802442,take_profit_full,73.92760127960561,True
2018-01-25 00:00:00+00:00,2018-01-30 00:00:00+00:00,long,squeeze_breakout,1108.51,1136.37,0.18373419789453035,0.2014060269421444,5.322505949049663,4.9100447228801904,0.41246122616947334,stop_loss,47.43913640286759,False
2018-02-01 16:00:00+00:00,2018-02-01 20:00:00+00:00,short,squeeze_breakout,1012.03,1041.94,0.17871890574788665,0.17802877426650754,-5.16461357673527,-5.531696847574257,0.3670832708389868,regime_flip,47.28370750997017,False
2018-02-02 00:00:00+00:00,2018-02-02 12:00:00+00:00,short,squeeze_breakout,977.97,972.5,0.17438558139624363,0.16881510159794835,1.1244329972755418,0.7842991523296106,0.34013384494593135,stop_loss,44.894291234276416,False
2018-02-20 20:00:00+00:00,2018-02-26 12:00:00+00:00,short,squeeze_breakout,882.99,875.05,0.2131768862042451,0.18621185189648412,1.8808575352112042,1.5060840421886932,0.37477349302251106,stop_loss,80.52990146949355,False
2018-02-27 08:00:00+00:00,2018-03-02 00:00:00+00:00,short,mean_reversion,885.17,873.11,0.7763247365570515,0.6789154778340236,10.049655689936204,8.684659432142672,1.3649962577935324,trend_reversal,74.28470306662587,False
2018-03-04 04:00:00+00:00,2018-03-04 16:00:00+00:00,short,squeeze_breakout,839.97,864.33,0.9063571139887258,0.7462609468206618,-21.317546511728263,-22.862250941099248,1.5447044293709853,stop_loss,60.92549429445921,False
2018-03-06 16:00:00+00:00,2018-03-09 00:00:00+00:00,short,squeeze_breakout,811.6,677.93,0.795418786206867,0.647799315849487,82.14019362771009,80.93056448567992,1.209629142030162,take_profit_full,53.31532965468685,True
2018-04-08 16:00:00+00:00,2018-04-09 00:00:00+00:00,short,mean_reversion,399.39,411.82,2.2534582281691433,0.8357937219730942,-27.110477094393993,-28.938504943667084,1.8280278492730908,stop_loss,46.00078324250943,False
2018-04-09 08:00:00+00:00,2018-04-10 16:00:00+00:00,short,mean_reversion,395.69,411.55,1.6336650568070694,0.6174111720386964,-25.263502874632152,-26.582262655089092,1.3187597804569386,stop_loss,42.357780875717,False
2018-05-22 16:00:00+00:00,2018-05-28 08:00:00+00:00,short,squeeze_breakout,666.66,529.36,0.7441592248921504,0.48648631743549614,76.89520801241919,75.97940474150954,0.9158032709096493,take_profit_full,56.11677243898926,True
2018-05-28 20:00:00+00:00,2018-05-29 08:00:00+00:00,short,squeeze_breakout,511.5,552.9,0.6291683139507164,0.29383283410610966,-25.725748604973855,-26.395435358342997,0.6696867533691426,stop_loss,40.086731153830456,False
2018-06-02 20:00:00+00:00,2018-06-03 08:00:00+00:00,short,mean_reversion,590.85,619.93,1.2638060463959768,0.6988290754257904,-36.00476002668185,-37.53495111153717,1.5301910848553208,stop_loss,61.55941980874843,False
2018-06-10 00:00:00+00:00,2018-06-13 08:00:00+00:00,short,squeeze_breakout,568.98,476.01,1.144447831245194,0.6320495120209464,79.52651245644068,78.30305194692632,1.2234605095143622,take_profit_full,73.74866414048935,True
2018-06-20 00:00:00+00:00,2018-06-20 12:00:00+00:00,short,mean_reversion,519.93,535.29,1.441211127228806,0.676350560294363,-21.387674012854404,-22.908468818528785,1.5207948056743805,trend_reversal,35.79157979596945,False
2018-07-10 08:00:00+00:00,2018-07-15 08:00:00+00:00,short,squeeze_breakout,435.18,447.09,1.0490251019615167,0.42104492052522463,-12.037374220490017,-12.962897597197605,0.9255233767075873,stop_loss,64.53118286989695,False
2018-07-15 16:00:00+00:00,2018-07-16 08:00:00+00:00,short,mean_reversion,450.19,473.58,2.3932824796628616,1.0061717752234984,-54.90144535979487,-57.11228791603303,2.2108425562381617,stop_loss,68.37420991680008,False
2018-07-30 16:00:00+00:00,2018-08-07 16:00:00+00:00,short,squeeze_breakout,454.17,394.56,1.7248893266857859,0.7736196617593398,73.03900688036848,71.54447652326158,1.494530357106899,take_profit_full,58.16020951418835,True
2018-08-07 20:00:00+00:00,2018-08-13 12:00:00+00:00,short,squeeze_breakout,378.21,300.4,1.4003804399925293,0.4888689871664664,87.5002651119456,86.52795996675218,0.972305145193413,take_profit_full,41.239835959781,True
2018-08-28 00:00:00+00:00,2018-08-28 16:00:00+00:00,short,mean_reversion,283.53,293.14,4.082871229160234,0.989929672302859,-38.07877603262611,-40.43324538434594,2.354469351719832,stop_loss,47.15746355174764,False
2018-09-05 16:00:00+00:00,2018-09-13 00:00:00+00:00,short,squeeze_breakout,243.38,189.5,1.4266942250466612,0.30788108791903873,69.94137313826799,69.31650960158206,0.6248635366859366,stop_loss,36.44025741391893,True
2018-09-25 00:00:00+00:00,2018-09-27 16:00:00+00:00,short,squeeze_breakout,221.67,228.6,1.7348099937095314,0.3213273969765997,-11.637677925101473,-12.418810820969064,0.7811328958675907,stop_loss,58.136547600522675,False
2018-10-03 00:00:00+00:00,2018-10-05 20:00:00+00:00,short,squeeze_breakout,218.72,228.37,2.4618368918928883,0.45478687063716056,-23.218273041771575,-24.318935697767966,1.1006626559963915,stop_loss,58.122058341147934,False
2018-10-11 04:00:00+00:00,2018-10-15 04:00:00+00:00,short,squeeze_breakout,200.53,216.8,2.5745747028139183,0.44541012216404885,-41.3720509496272,-42.44649821035254,1.0744472607253326,stop_loss,49.63807103014898,False
2018-10-15 12:00:00+00:00,2018-10-18 00:00:00+00:00,short,mean_reversion,216.7,214.0,2.7600087368198083,0.535855588526212,8.050117482682303,6.861381719734012,1.1887357629482915,trend_reversal,71.08615617797896,False
2018-10-23 08:00:00+00:00,2018-11-02 00:00:00+00:00,short,squeeze_breakout,203.71,200.85,5.165598781705961,0.9375213675213678,15.825896643500442,13.736102000373478,2.0897946431269636,stop_loss,55.897263742631864,False
2018-11-02 20:00:00+00:00,2018-11-04 04:00:00+00:00,short,mean_reversion,202.35,201.57,11.555646410824046,2.0599912739965056,11.351689251673015,6.684132553412967,4.667556698260048,stop_loss,74.91284545376037,False
2018-11-14 08:00:00+00:00,2018-11-15 08:00:00+00:00,short,squeeze_breakout,204.52,177.88,4.356135119933323,0.7818896777717101,87.29485685860627,85.59942728925262,1.695429569353649,take_profit_full,53.27623466872778,True
2018-12-24 00:00:00+00:00,2018-12-25 00:00:00+00:00,long,squeeze_breakout,148.3,123.61,1.8804132056922482,0.22780337941628268,-46.14853677013747,-46.65983992489725,0.5113031547597793,stop_loss,74.66666666666666,False
2018-12-27 16:00:00+00:00,2018-12-28 12:00:00+00:00,short,squeeze_breakout,114.1,126.62,1.8441248834992654,0.17874006937451045,-22.878028892203556,-23.3219466341595,0.44391774195594313,stop_loss,35.47665619905783,False
2019-01-02 08:00:00+00:00,2019-01-08 00:00:00+00:00,long,squeeze_breakout,147.81,146.57,3.0589945124745794,0.39192045454545404,-3.3410032165796393,-4.241510021161906,0.9005068045822666,stop_loss,73.60905059937325,False
2019-01-10 16:00:00+00:00,2019-01-14 12:00:00+00:00,short,squeeze_breakout,125.62,127.28,2.64004263677418,0.28863942228787115,-4.050828621013556,-4.718495403853747,0.6676667828401901,stop_loss,57.31107515887903,False
2019-01-20 16:00:00+00:00,2019-01-30 12:00:00+00:00,short,squeeze_breakout,116.77,108.81,5.090615975850825,0.5196376350921806,43.76285470271508,42.61716067119009,1.1456940315249866,stop_loss,46.3324868573465,True
2019-02-03 00:00:00+00:00,2019-02-06 20:00:00+00:00,short,mean_reversion,109.76,104.5,10.738194329477665,0.9938170999870658,63.13800549068963,60.84271645276378,2.295289037925851,stop_loss,62.26714704488863,True
2019-02-25 00:00:00+00:00,2019-02-26 16:00:00+00:00,long,mean_reversion,138.79,135.02,3.3137029916092033,0.3692205373769619,-12.032751440161196,-12.940076456293712,0.9073250161325159,trend_reversal,39.29296363000972,False
2019-03-22 04:00:00+00:00,2019-03-22 12:00:00+00:00,long,mean_reversion,135.66,136.55,10.712303508146787,1.1793591654247377,10.987181216165991,8.071185078213354,2.915996137952637,trend_reversal,72.11180295953338,False
2019-03-25 12:00:00+00:00,2019-03-27 00:00:00+00:00,short,squeeze_breakout,133.88,136.82,9.837631835110452,1.06314237095859,-27.60557544514012,-30.268622382904518,2.663046937764399,stop_loss,64.40389478305204,False
2019-04-07 20:00:00+00:00,2019-04-11 00:00:00+00:00,long,squeeze_breakout,174.21,168.88,2.840595855771078,0.40990588235294084,-14.645515707226002,-15.620095739382501,0.9745800321564992,stop_loss,72.66666666666666,False
2019-04-11 16:00:00+00:00,2019-04-13 12:00:00+00:00,long,mean_reversion,164.94,162.8,3.659411006940994,0.5067281105990786,-7.22755630336883,-8.426891666783671,1.1993353634148414,trend_reversal,50.72959456225807,False
2019-04-18 00:00:00+00:00,2019-04-21 08:00:00+00:00,long,squeeze_breakout,171.79,166.84,3.739157096650321,0.5433935833709889,-17.86647783078549,-19.13266859842419,1.2661907676386983,stop_loss,61.35522138654076,False
2019-04-25 20:00:00+00:00,2019-04-27 16:00:00+00:00,short,squeeze_breakout,154.72,161.35,2.7148246667049603,0.3613747080413747,-17.579249867821282,-18.43732450022672,0.8580746324054367,regime_flip,42.71105124383813,False
2019-05-14 00:00:00+00:00,2019-05-17 00:00:00+00:00,long,squeeze_breakout,208.63,240.65,1.1008565521807394,0.20085407784348794,51.40849281336404,50.897970587290224,0.5105222260738178,stop_loss,74.66666666666666,True
2019-05-23 08:00:00+00:00,2019-05-26 08:00:00+00:00,long,mean_reversion,235.96,246.1,2.520886059018612,0.4981211737386535,26.156612912934722,24.94139457932421,1.2152183336105122,stop_loss,49.069363629088784,False
2019-05-26 20:00:00+00:00,2019-05-30 16:00:00+00:00,long,squeeze_breakout,264.45,269.28,1.8910169708976141,0.4104090455603596,9.633691407389321,8.624398919512137,1.0092924878771836,stop_loss,68.98101135434337,False
2019-05-31 04:00:00+00:00,2019-06-03 04:00:00+00:00,long,mean_reversion,255.56,261.51,1.9499255765101025,0.4062588000181678,12.10038016056801,11.092132142721931,1.0082480178460786,stop_loss,56.5134811390195,False
2019-06-09 16:00:00+00:00,2019-06-10 04:00:00+00:00,short,squeeze_breakout,233.59,236.3,2.687914012334362,0.5074891371818749,-6.6563771392849596,-7.919401054540753,1.2630239152557934,regime_flip,40.55191256830601,False
2019-06-12 12:00:00+00:00,2019-06-18 16:00:00+00:00,long,squeeze_breakout,253.5,264.52,2.0959249546778453,0.4324357256000975,23.628409976560654,22.542678931538436,1.0857310450222175,stop_loss,62.55185105523299,False
2019-06-27 20:00:00+00:00,2019-06-30 08:00:00+00:00,long,mean_reversion,298.35,304.17,1.0823915514025475,0.25820629798597966,6.62245034852377,5.970287790972707,0.652162557551063,stop_loss,55.092401663603624,False
2019-07-07 16:00:00+00:00,2019-07-10 12:00:00+00:00,long,squeeze_breakout,306.32,288.23,1.8306076351187557,0.44634471273938336,-32.55494038850867,-33.643328157968526,1.0883877694598563,stop_loss,37.60635806683497,False
2019-08-02 08:00:00+00:00,2019-08-02 12:00:00+00:00,short,mean_reversion,219.1,219.92,2.864206013087321,0.513492701218696,-1.7211013932641517,-2.9785451171297472,1.2574437238655956,trend_reversal,77.58098539311128,False
2019-08-08 16:00:00+00:00,2019-08-11 16:00:00+00:00,short,squeeze_breakout,218.28,215.49,2.7697898591677284,0.49617145640526034,8.332303437537071,7.130851690325886,1.2014517472111856,stop_loss,73.19602128252679,False
2019-08-14 16:00:00+00:00,2019-08-18 12:00:00+00:00,short,squeeze_breakout,186.46,193.83,2.5400627088347423,0.386617298578199,-18.246642071422738,-19.2126025189655,0.9659604475427641,stop_loss,36.40442750706517,False
2019-08-19 16:00:00+00:00,2019-08-22 12:00:00+00:00,short,mean_reversion,198.07,191.16,4.6796717397362775,0.7689905712701054,42.809964652129196,40.998042551220706,1.8119221009084894,stop_loss,46.18707186980291,True
2019-09-03 08:00:00+00:00,2019-09-03 12:00:00+00:00,short,mean_reversion,177.07,181.26,7.012504928034615,0.9970157657657666,-28.140691400857932,-30.653482291720575,2.5127908908626435,stop_loss,56.328521578245194,False
2019-09-03 20:00:00+00:00,2019-09-06 08:00:00+00:00,short,mean_reversion,178.75,176.36,5.855169438073709,0.8624551971326169,15.04046649405176,12.961237274897405,2.079229219154355,stop_loss,60.488079383724184,False
2019-09-24 12:00:00+00:00,2019-09-30 12:00:00+00:00,short,squeeze_breakout,192.66,178.9,2.4425063214471034,0.3840034168564921,51.17700450113185,50.28656439658509,0.890440104546756,stop_loss,56.872972394548285,True
2019-10-01 04:00:00+00:00,2019-10-04 16:00:00+00:00,short,mean_reversion,180.79,177.49,4.224301598913065,0.5988690138179064,14.703906762480536,13.190423985621962,1.5134827768585728,stop_loss,33.04634569597033,False
2019-10-07 20:00:00+00:00,2019-10-08 04:00:00+00:00,short,mean_reversion,179.85,180.98,5.8318977266563055,0.8145380434782622,-5.541177624982462,-7.645501281691857,2.104323656709395,trend_reversal,48.27031486762223,False
2019-10-16 08:00:00+00:00,2019-10-20 16:00:00+00:00,short,squeeze_breakout,176.73,175.53,3.985275116717184,0.5506832851101713,5.4866478114380035,4.082794798823208,1.4038530126147952,stop_loss,66.3622105188495,False
2019-10-23 12:00:00+00:00,2019-10-25 08:00:00+00:00,short,squeeze_breakout,158.43,165.54,3.7851865442113724,0.46764073371283965,-26.312989225143394,-27.53927610987155,1.2262868847281583,stop_loss,41.137275242047025,False
2019-10-25 16:00:00+00:00,2019-10-26 16:00:00+00:00,long,squeeze_breakout,180.67,176.39,2.389656273026342,0.3442270005443658,-9.795989649705078,-10.649240318551863,0.8532506688467857,regime_flip,69.65780823694149,False
2019-11-19 08:00:00+00:00,2019-11-22 12:00:00+00:00,short,squeeze_breakout,174.65,148.06,4.7203852945359275,0.6631678871711418,95.18491732946393,93.6304472481203,1.5544700813436263,take_profit_full,52.75556132606249,True
2019-12-16 16:00:00+00:00,2019-12-18 16:00:00+00:00,short,squeeze_breakout,131.79,128.74,5.483243925049538,0.540914687774846,36.25405735120323,34.844315338072995,1.4097420131302363,stop_loss,41.12735796899533,True
2019-12-23 04:00:00+00:00,2019-12-26 16:00:00+00:00,short,mean_reversion,131.67,128.97,13.17198772767521,1.2658838071693443,49.285231321010315,45.86407094850123,3.4211603725090822,stop_loss,51.21866474647343,True
2020-01-02 16:00:00+00:00,2020-01-03 08:00:00+00:00,short,squeeze_breakout,127.62,132.46,7.121893720713027,0.6426906474820142,-33.561069531613676,-35.41333165049672,1.8522621188830442,stop_loss,62.2506430404713,False
2020-01-14 16:00:00+00:00,2020-01-19 12:00:00+00:00,long,squeeze_breakout,165.42,164.81,3.4939962607140633,0.41946748777395393,-1.5533608575882067,-2.707183242763812,1.153822385175605,stop_loss,74.83333333333334,False
2020-01-23 20:00:00+00:00,2020-01-24 00:00:00+00:00,long,mean_reversion,162.81,158.99,7.561040827417656,0.895544554455447,-27.652162903623527,-30.08530584188653,2.433142938263002,stop_loss,56.06296620428622,False
2020-01-24 08:00:00+00:00,2020-01-25 00:00:00+00:00,long,mean_reversion,160.63,159.05,7.059284027536578,0.8441516516516532,-10.019735970164483,-12.276447888087375,2.2567119179228934,stop_loss,53.30439752345244,False
2020-01-26 16:00:00+00:00,2020-02-05 08:00:00+00:00,long,squeeze_breakout,166.18,197.53,4.987459769573367,0.6232306455933565,108.68263358153177,106.91714763499935,1.7654859465324284,take_profit_full,61.66981574709291,True
2020-02-23 04:00:00+00:00,2020-02-24 16:00:00+00:00,long,squeeze_breakout,270.36,263.36,2.6050827992489665,0.490480756770766,-17.531269409137817,-18.921654200752975,1.3903847916151584,stop_loss,61.163727679118495,False
2020-03-06 04:00:00+00:00,2020-03-08 00:00:00+00:00,long,squeeze_breakout,235.52,231.62,2.9586183915838906,0.4919844822441058,-10.841797923591354,-12.223886919035852,1.3820889954444988,stop_loss,52.51260026527191,False
2020-03-08 12:00:00+00:00,2020-03-12 08:00:00+00:00,short,squeeze_breakout,216.73,136.59,2.0284710561922927,0.31325831096427825,115.84949127406901,115.08564007079396,0.7638512032750506,take_profit_full,30.81111392845959,True
2020-03-28 00:00:00+00:00,2020-03-30 08:00:00+00:00,short,squeeze_breakout,126.12,133.43,4.174585500652437,0.3468238067177374,-29.98972128642704,-31.073234953121382,1.0835136666943401,stop_loss,58.6630223008412,False
2020-04-10 12:00:00+00:00,2020-04-10 16:00:00+00:00,short,squeeze_breakout,153.06,158.12,3.1331554520251537,0.32261969286359554,-15.374205813760312,-16.3491811273215,0.9749753135611874,regime_flip,71.1946121358597,False
2020-05-04 12:00:00+00:00,2020-05-06 20:00:00+00:00,long,mean_reversion,206.0,198.97,4.693588859781853,0.6579067433159957,-32.029050379151364,-33.929813059697224,1.9007626805458568,stop_loss,68.66611699391828,False
2020-05-14 08:00:00+00:00,2020-05-15 16:00:00+00:00,long,squeeze_breakout,202.54,194.76,3.617842657174417,0.5107276657060518,-27.41405802103286,-28.851426908728257,1.4373688876953958,stop_loss,49.877283290426746,False
2020-05-22 04:00:00+00:00,2020-05-24 20:00:00+00:00,long,mean_reversion,201.81,199.9,4.97599125967147,0.7146607983001971,-8.499938509858191,-10.498843958780817,1.9989054489226263,stop_loss,73.69856173974443,False
2020-05-26 12:00:00+00:00,2020-05-26 16:00:00+00:00,short,squeeze_breakout,197.63,199.3,3.5384550532130326,0.5017809212912585,-5.209915066699329,-6.614434030971179,1.404518964271849,regime_flip,69.85819288588496,False
2020-06-12 04:00:00+00:00,2020-06-12 12:00:00+00:00,long,mean_reversion,235.48,236.33,5.181442901055245,0.8801110577179774,5.624352640237565,3.17969606509069,2.444656575146875,trend_reversal,67.88575993930104,False
2020-06-22 00:00:00+00:00,2020-06-24 08:00:00+00:00,long,squeeze_breakout,234.33,238.06,5.207953589829375,0.8790514469453372,39.785276097391176,37.305951671649055,2.4793244257421216,stop_loss,69.55580735718245,True
2020-06-25 04:00:00+00:00,2020-06-26 04:00:00+00:00,long,mean_reversion,231.31,229.2,5.481686954736501,0.8901918742096865,-10.298390464993993,-12.822762124519699,2.5243716595257064,trend_reversal,60.76833719246697,False
2020-06-27 16:00:00+00:00,2020-06-28 12:00:00+00:00,short,squeeze_breakout,217.84,226.15,3.8981264695092124,0.6021243830207298,-31.544263091503673,-33.27499226270107,1.7307291711973953,stop_loss,42.92611004713201,False
2020-07-01 16:00:00+00:00,2020-07-02 08:00:00+00:00,long,squeeze_breakout,231.1,228.19,5.0343016269152745,0.845414162529398,-13.486390628343312,-15.798595022569227,2.3122043942259163,regime_flip,66.90633423193539,False
2020-07-06 04:00:00+00:00,2020-07-09 12:00:00+00:00,long,squeeze_breakout,232.8,239.87,5.1125212295553455,0.8756582482536259,48.07201461726294,45.644742913106946,2.4272717041559915,stop_loss,67.28841425562815,True
2020-07-22 20:00:00+00:00,2020-07-26 04:00:00+00:00,long,squeeze_breakout,263.74,311.59,3.1659686946990693,0.5948703077170926,107.24320041237561,105.4668070374669,1.7763933749087006,take_profit_full,70.0,True
2020-07-31 08:00:00+00:00,2020-08-02 04:00:00+00:00,long,squeeze_breakout,343.86,380.21,1.9795643658340807,0.4513021468079124,75.69628464611816,74.25988304880346,1.4364015973146964,stop_loss,70.16666666666666,True
2020-08-12 04:00:00+00:00,2020-08-14 12:00:00+00:00,long,mean_reversion,379.09,436.4,2.9824016579125825,0.7147247360482651,154.36639582804662,151.9519627418669,2.4144330861797103,take_profit_full,63.42317375782824,True
2020-08-19 20:00:00+00:00,2020-08-21 12:00:00+00:00,long,mean_reversion,407.46,404.27,2.7409741071591904,0.6445694915254235,-7.626870092134728,-9.851801004139057,2.2249309120043295,stop_loss,63.19319567574857,False
2020-09-03 20:00:00+00:00,2020-09-04 08:00:00+00:00,short,squeeze_breakout,381.4,394.63,0.801358419893117,0.17751919944147085,-10.296333793838718,-10.918211968428373,0.6218781745896556,regime_flip,31.02656603660618,False
2020-09-12 16:00:00+00:00,2020-09-13 08:00:00+00:00,long,squeeze_breakout,384.67,372.05,1.8419295447264215,0.41422813629720806,-22.536615816477536,-23.930440741562915,1.3938249250853776,regime_flip,33.358739109137744,False
2020-09-20 12:00:00+00:00,2020-09-24 08:00:00+00:00,short,squeeze_breakout,370.75,338.18,2.806084930457108,0.6171085483295685,89.57233554388868,87.58015554751066,1.992179996378024,stop_loss,70.02863382735754,True
2020-09-27 04:00:00+00:00,2020-09-28 00:00:00+00:00,short,mean_reversion,354.34,358.05,4.145954476843503,0.828865497076024,-13.912413599764822,-16.865950109523364,2.953536509758543,stop_loss,67.36219307710984,False
2020-10-02 04:00:00+00:00,2020-10-04 16:00:00+00:00,short,squeeze_breakout,342.17,352.86,2.7095715720229983,0.5285644929934891,-28.038186000126736,-29.92141952982988,1.8832335297031446,stop_loss,63.894733237449486,False
2020-10-06 20:00:00+00:00,2020-10-08 12:00:00+00:00,short,squeeze_breakout,340.75,349.2,2.9648479054147314,0.5862725820326902,-24.042692876984376,-26.08828968932527,2.045596812340894,stop_loss,71.87179802409828,False
2020-10-27 04:00:00+00:00,2020-10-28 04:00:00+00:00,long,mean_reversion,394.2,396.93,4.011350014152361,0.9322927224812478,12.532259714214879,9.358760377518522,3.1734993366963575,stop_loss,63.139640754927,False
2020-10-28 20:00:00+00:00,2020-10-29 04:00:00+00:00,long,mean_reversion,388.23,387.21,3.3896712352009954,0.7723335322704404,-2.1414925962630633,-4.769979258887323,2.62848666262426,trend_reversal,69.47225214951982,False
2020-11-01 20:00:00+00:00,2020-11-02 08:00:00+00:00,long,squeeze_breakout,396.67,384.12,3.032568133718819,0.7085200306200566,-36.85580127656897,-39.22360014969529,2.3677988731263166,stop_loss,69.91419620205653,False
2020-11-03 00:00:00+00:00,2020-11-03 16:00:00+00:00,short,squeeze_breakout,374.31,383.32,2.396539725962606,0.5412456104110728,-20.695774146097992,-22.511464538679043,1.815690392581049,regime_flip,34.7199189129134,False
2020-11-05 12:00:00+00:00,2020-11-07 16:00:00+00:00,long,squeeze_breakout,414.18,431.05,1.773850685502547,0.4496370967741932,52.7085185621461,51.187157783217984,1.5213607789281147,stop_loss,67.94868915062727,True
2020-11-11 00:00:00+00:00,2020-11-15 08:00:00+00:00,long,squeeze_breakout,463.12,455.21,1.4470982413186666,0.39786941580755975,-10.776366951311187,-12.105280679261359,1.3289137279501713,stop_loss,70.5,False
2020-11-22 16:00:00+00:00,2020-11-26 00:00:00+00:00,long,squeeze_breakout,573.03,532.06,0.8884987277560397,0.30457175398633257,-35.89265645019893,-36.87452750925485,0.9818710590559218,stop_loss,70.0,False
2020-11-26 20:00:00+00:00,2020-11-27 16:00:00+00:00,long,mean_reversion,519.83,506.7,1.0462249960675027,0.332785520924788,-13.193075058660595,-14.267056403873768,1.0739813452131735,trend_reversal,38.63924044227764,False
2020-11-29 20:00:00+00:00,2020-12-01 20:00:00+00:00,long,squeeze_breakout,576.3,585.26,1.2246047518845673,0.4357891325483418,11.678198295396843,10.255746399797806,1.422451895599038,stop_loss,57.62854016589526,False
2020-12-13 04:00:00+00:00,2020-12-21 08:00:00+00:00,long,squeeze_breakout,579.02,606.64,1.348990445399793,0.4794913048621793,58.63929265089249,57.01924955529852,1.6200430955939733,stop_loss,69.73872346498227,True
2020-12-22 00:00:00+00:00,2020-12-23 08:00:00+00:00,long,mean_reversion,610.0,602.1,1.6422601813561752,0.5944425882614996,-11.97207672208648,-13.962660287908301,1.99058356582182,stop_loss,69.58736083139081,False
2021-01-02 16:00:00+00:00,2021-01-03 20:00:00+00:00,long,squeeze_breakout,784.79,978.28,0.8750463841430912,0.41114620364480015,143.5030480078056,141.98677638382628,1.516271623979307,take_profit_full,73.0,True
2021-01-04 00:00:00+00:00,2021-01-11 00:00:00+00:00,long,squeeze_breakout,1021.41,1104.14,0.4244981288404921,0.23934221537843536,57.685649270496185,56.761223940301534,0.9244253301946512,stop_loss,70.0,True
2021-01-11 20:00:00+00:00,2021-01-15 12:00:00+00:00,long,mean_reversion,1087.01,1141.52,0.2949137624643953,0.17162244762168974,16.396323400870607,15.73909923380583,0.6572241670647789,stop_loss,42.51375912851088,False
2021-01-19 04:00:00+00:00,2021-01-20 08:00:00+00:00,long,squeeze_breakout,1375.0,1265.39,0.3475955319211053,0.25377699264376297,-37.6220023974808,-38.539790164009965,0.9177877665291673,stop_loss,74.66666666666666,False
2021-01-22 00:00:00+00:00,2021-01-25 20:00:00+00:00,long,mean_reversion,1160.73,1317.88,0.3439372447744969,0.21646006665547737,67.28297458319966,66.41765427064038,0.865320312559276,stop_loss,34.94508979757269,True
2021-02-23 08:00:00+00:00,2021-02-24 00:00:00+00:00,short,squeeze_breakout,1453.07,1636.57,0.1851741776648256,0.1408510756150081,-33.710390559156075,-34.282512105436425,0.5721215462803517,regime_flip,33.68336940854809,False
2021-03-08 20:00:00+00:00,2021-03-12 16:00:00+00:00,long,squeeze_breakout,1833.18,1739.0,0.32110732363948336,0.3138162431830965,-29.653240216817135,-30.800293376175624,1.1470531593584896,stop_loss,64.53877420833231,False
2021-03-22 20:00:00+00:00,2021-03-24 08:00:00+00:00,short,squeeze_breakout,1680.97,1714.86,0.49891515736234326,0.4547112356294078,-16.06957327093837,-17.763804329764138,1.6942310588257663,regime_flip,52.175541024443405,False
2021-03-24 20:00:00+00:00,2021-03-26 20:00:00+00:00,short,squeeze_breakout,1581.84,1698.84,0.3600028090603416,0.31190332666685433,-41.55086181657596,-42.73191583220404,1.1810540156280815,stop_loss,45.92215475634438,False
2021-04-18 04:00:00+00:00,2021-04-18 08:00:00+00:00,long,mean_reversion,2210.29,2052.19,0.27802325475996187,0.3447514193784148,-43.34096455778655,-44.52603312073579,1.1850685629492421,stop_loss,43.0160067565327,False
2021-04-18 12:00:00+00:00,2021-04-19 12:00:00+00:00,long,mean_reversion,2144.3,2095.32,0.25654455230490525,0.31663871573373836,-12.015443688386856,-13.103095103229778,1.0876514148429224,stop_loss,34.31345406253082,False
2021-04-21 12:00:00+00:00,2021-04-22 20:00:00+00:00,long,squeeze_breakout,2442.8,2397.94,0.1654344174819799,0.23445306715660738,-7.017264773216659,-7.818089775298378,0.8008250020817195,stop_loss,63.124061414547256,False
2021-05-01 16:00:00+00:00,2021-05-04 00:00:00+00:00,long,squeeze_breakout,2925.49,3232.25,0.2753014962421556,0.4694895514517925,94.75753339680197,93.05279770669648,1.704735690105488,stop_loss,75.0,True
2021-05-16 20:00:00+00:00,2021-05-17 00:00:00+00:00,long,mean_reversion,3582.1,3240.13,0.17176604463926382,0.3403660658777408,-58.1235511367867,-59.29537859950603,1.1718274627193248,stop_loss,50.08327274560732,False
2021-06-08 00:00:00+00:00,2021-06-09 20:00:00+00:00,short,squeeze_breakout,2490.96,2610.18,0.1827559268523353,0.2604633654492495,-21.332923895783285,-22.265187464486807,0.9322635687035217,stop_loss,54.53120455643845,False
2021-06-12 00:00:00+00:00,2021-06-13 20:00:00+00:00,short,squeeze_breakout,2300.18,2509.33,0.22378503807328157,0.2983897480564487,-46.28989484415146,-47.36619122261529,1.0762963784638284,stop_loss,47.45202630660787,False
2021-06-15 08:00:00+00:00,2021-06-16 04:00:00+00:00,short,mean_reversion,2577.46,2528.1,0.4069316830374289,0.6253585664275061,21.134998010489195,19.05738388684062,2.0776141236485755,trend_reversal,73.86784931140953,False
2021-06-18 12:00:00+00:00,2021-06-20 20:00:00+00:00,short,squeeze_breakout,2215.0,2243.47,0.23473277003482362,0.3067078116036637,-6.162908877264247,-7.209457890481407,1.04654901321716,stop_loss,45.01325575290926,False
2021-06-21 04:00:00+00:00,2021-06-27 20:00:00+00:00,short,squeeze_breakout,2012.43,1982.28,0.19451064964123385,0.23196703360036888,6.255935153340727,5.478921516112393,0.7770136372283333,stop_loss,36.762883757310725,False
2021-06-28 08:00:00+00:00,2021-06-28 12:00:00+00:00,short,mean_reversion,1999.84,2117.39,0.34870712850780095,0.4120129029219937,-40.293164492216945,-41.72887194292312,1.4357074507061731,stop_loss,40.97349259803522,False
2021-06-28 20:00:00+00:00,2021-06-29 12:00:00+00:00,short,mean_reversion,2084.41,2218.29,0.33939398283005173,0.42871326111164965,-44.73063020953657,-46.19094069945943,1.4603104899228636,stop_loss,46.46065695392076,False
2021-07-12 20:00:00+00:00,2021-07-14 12:00:00+00:00,short,squeeze_breakout,2031.58,1995.82,0.3414314216114571,0.432652154733111,12.903232884343108,11.528151976945125,1.3750809073979824,stop_loss,54.26281398702845,False
2021-07-16 08:00:00+00:00,2021-07-18 00:00:00+00:00,short,squeeze_breakout,1852.27,1981.77,0.2810262945631404,0.3224984765386956,-35.87236857129621,-36.94983462570307,1.0774660544068628,stop_loss,46.11108151975607,False
2021-07-20 00:00:00+00:00,2021-07-21 04:00:00+00:00,short,squeeze_breakout,1728.59,1875.25,0.30348491850299625,0.3327410972088548,-43.98449715237436,-45.0782082410722,1.093711088697838,stop_loss,41.66542732479704,False
2021-07-22 00:00:00+00:00,2021-07-22 20:00:00+00:00,short,mean_reversion,1976.59,2024.56,0.3992195685849834,0.515410003389843,-18.361469297952272,-19.95880667479608,1.5973373768438064,trend_reversal,60.70078792013005,False
2021-08-07 08:00:00+00:00,2021-08-09 00:00:00+00:00,long,squeeze_breakout,3105.5,2948.31,0.14933571725807956,0.3070756582664709,-23.010319325852567,-23.914369384346703,0.9040500584941347,stop_loss,74.66666666666666,False
2021-08-18 00:00:00+00:00,2021-08-18 20:00:00+00:00,long,mean_reversion,3049.87,3014.55,0.2637838012694213,0.5414359442563494,-8.512337558858313,-10.112033318952617,1.599695760094304,trend_reversal,63.21806618744846,False
2021-09-10 20:00:00+00:00,2021-09-11 12:00:00+00:00,short,squeeze_breakout,3208.86,3311.0,0.1289533119584267,0.2805455533282125,-12.757498158822768,-13.598255699328035,0.8407575405052679,regime_flip,33.25290078031611,False
2021-10-01 08:00:00+00:00,2021-10-04 08:00:00+00:00,long,squeeze_breakout,3235.49,3313.39,0.16733415784733413,0.37058708991245964,13.576738890680815,12.480887571037567,1.0958513196432493,stop_loss,45.69230341635313,False
2021-10-05 20:00:00+00:00,2021-10-10 20:00:00+00:00,long,squeeze_breakout,3515.27,3414.22,0.1765914483103648,0.421462716988242,-17.223799231260422,-18.44748790641261,1.2236886751521898,stop_loss,75.0,False
2021-11-30 08:00:00+00:00,2021-12-02 00:00:00+00:00,long,squeeze_breakout,4590.47,4490.98,0.13004070679276333,0.4106070944823528,-12.340801955501139,-13.521760132204278,1.1809581767031405,stop_loss,65.7787333683085,False
2021-12-28 04:00:00+00:00,2022-01-02 16:00:00+00:00,short,squeeze_breakout,3917.0,3798.72,0.12457224568009259,0.33892459826946886,25.719434987603286,24.768767500446714,0.950667487156571,stop_loss,78.25029176266764,True
2022-01-05 20:00:00+00:00,2022-01-11 16:00:00+00:00,short,squeeze_breakout,3540.63,3237.18,0.16608366532613156,0.4016726901447253,59.74621197880512,58.62928853404864,1.1169234447564809,stop_loss,45.05909561548659,True
2022-01-13 00:00:00+00:00,2022-01-14 16:00:00+00:00,short,mean_reversion,3338.04,3307.55,0.36284884242489257,0.7957864623243941,12.274465155502881,9.86312051677244,2.4113446387304416,stop_loss,50.59919183429726,False
2022-01-18 12:00:00+00:00,2022-01-20 12:00:00+00:00,short,squeeze_breakout,3116.54,3261.42,0.22793381023801335,0.4640865384615386,-32.31268559032422,-33.76643831466986,1.4537527243456396,stop_loss,38.63997086370899,False
2022-02-11 20:00:00+00:00,2022-02-15 00:00:00+00:00,short,squeeze_breakout,2927.54,3025.12,0.16183969480730165,0.31666442605598427,-15.318525239160314,-16.281901916851947,0.9633766776916322,stop_loss,73.29946038186176,False
2022-02-18 12:00:00+00:00,2022-02-23 08:00:00+00:00,short,squeeze_breakout,2800.47,2719.62,0.17312656843973745,0.3277155705640444,14.482118819471188,13.526444580292678,0.9556742391785102,stop_loss,55.519429846648066,False
2022-02-28 20:00:00+00:00,2022-03-03 12:00:00+00:00,long,squeeze_breakout,2920.95,2828.0,0.1385832614729652,0.2712224919415813,-12.476519376312634,-13.273227617357637,0.7967082410450033,regime_flip,58.96719918530492,False
2022-03-04 00:00:00+00:00,2022-03-07 12:00:00+00:00,short,squeeze_breakout,2725.33,2617.0,0.18342246395736286,0.33803441065986245,20.370042264198023,19.390138932324685,0.9799033318733383,stop_loss,47.30396934929904,False
2022-03-09 16:00:00+00:00,2022-03-11 08:00:00+00:00,short,mean_reversion,2714.5,2652.63,0.2832358566948753,0.5133514883316315,18.292646186710144,16.772482523167376,1.5201636635427658,stop_loss,52.62100755387525,False
2022-03-16 16:00:00+00:00,2022-03-20 12:00:00+00:00,long,squeeze_breakout,2753.17,2853.93,0.21631102517631717,0.39343445375577984,22.391039921950348,21.17816237268422,1.212877549266128,stop_loss,67.9706340019481,False
2022-04-11 08:00:00+00:00,2022-04-13 12:00:00+00:00,short,squeeze_breakout,3051.57,3093.42,0.3133560647190821,0.623241815953785,-12.15772334207875,-14.083293226216862,1.9255698841381124,stop_loss,39.74652696065228,False
2022-04-18 04:00:00+00:00,2022-04-18 16:00:00+00:00,short,squeeze_breakout,2892.12,3005.72,0.3642266290099798,0.6933639290362358,-40.322757937241335,-42.470908318881555,2.148150381640219,stop_loss,44.36730291405462,False
2022-04-20 12:00:00+00:00,2022-04-21 00:00:00+00:00,short,mean_reversion,3068.3,3096.8,0.4171823501810548,0.8674024893584374,-10.609656375099531,-13.181627282200752,2.571970907101221,trend_reversal,44.76689614555326,False
2022-04-25 00:00:00+00:00,2022-04-25 16:00:00+00:00,short,squeeze_breakout,2875.59,3012.41,0.3769661269071598,0.7418279312314575,-50.49250545856453,-52.71208201379389,2.2195765552293567,stop_loss,30.081953600469873,False
2022-05-04 20:00:00+00:00,2022-05-05 08:00:00+00:00,short,mean_reversion,2940.64,2925.67,0.4351146852991538,0.9090960481919207,7.79318248710635,5.240664857589071,2.552517629517279,trend_reversal,47.71582839973715,False
2022-06-06 12:00:00+00:00,2022-06-07 16:00:00+00:00,short,mean_reversion,1886.79,1846.97,0.7250323140815257,0.9692248420403756,62.94497815482982,60.270587709493,2.6743904453368197,stop_loss,70.22462612686613,True
2022-06-10 16:00:00+00:00,2022-06-13 04:00:00+00:00,short,squeeze_breakout,1669.0,1283.46,0.38179582931224315,0.4333858851896503,112.80310495361948,111.6408363630897,1.1622685905297703,take_profit_full,47.76722800908554,True
2022-06-28 16:00:00+00:00,2022-07-04 08:00:00+00:00,short,squeeze_breakout,1156.23,1101.0,0.4081444785425522,0.2984259429962019,23.01372844033042,22.092452479029816,0.9212759613006051,stop_loss,60.83397171105532,False
2022-07-05 08:00:00+00:00,2022-07-05 16:00:00+00:00,short,mean_reversion,1112.21,1146.53,0.8033614857538646,0.5574149250739238,-26.677859513002275,-28.49244423533396,1.814584722331684,stop_loss,59.645393173289904,False
2022-07-11 20:00:00+00:00,2022-07-13 20:00:00+00:00,short,squeeze_breakout,1096.4,1115.0,0.631336536440589,0.4398922450851144,-11.050662199241435,-12.446799815926154,1.3961376166847186,stop_loss,64.1989231127536,False
2022-07-26 12:00:00+00:00,2022-07-26 20:00:00+00:00,short,squeeze_breakout,1368.68,1449.12,0.27855089627086627,0.24432300100730617,-22.025387055320422,-22.81028777083247,0.7849007155120469,regime_flip,49.25677411854913,False
2022-07-28 12:00:00+00:00,2022-08-01 16:00:00+00:00,long,squeeze_breakout,1728.31,1622.27,0.23523554624074913,0.26447555963623637,-24.53781737644568,-25.32599289296901,0.7881755165233292,stop_loss,74.5,False
2022-08-02 04:00:00+00:00,2022-08-04 16:00:00+00:00,long,mean_reversion,1593.52,1590.96,0.5660950844747052,0.5968143903522148,-0.5471195772430821,-2.3498380518510915,1.8027184746080094,stop_loss,59.08914764052061,False
2022-08-19 20:00:00+00:00,2022-08-23 16:00:00+00:00,short,squeeze_breakout,1609.01,1650.62,0.32182294409929696,0.3433234774126683,-12.873236368686506,-13.922260091960897,1.0490237232743913,stop_loss,39.53606049336804,False
2022-08-24 12:00:00+00:00,2022-08-24 20:00:00+00:00,long,squeeze_breakout,1683.5,1656.56,0.32474550751194353,0.3659839438500601,-8.201934910475421,-9.286604390295762,1.084669479820342,regime_flip,49.61545998080304,False
2022-09-02 16:00:00+00:00,2022-09-05 12:00:00+00:00,short,mean_reversion,1561.47,1600.82,0.4843411420069415,0.5096347792029767,-18.302539774963527,-19.83416692492066,1.531627149957131,stop_loss,38.91545365192667,False
2022-09-05 20:00:00+00:00,2022-09-06 16:00:00+00:00,long,squeeze_breakout,1617.8,1576.67,0.5725443153089439,0.632959785372943,-22.622485495349988,-24.45146113427495,1.828975638924962,stop_loss,69.39669418132765,False
2022-09-13 12:00:00+00:00,2022-09-19 20:00:00+00:00,short,squeeze_breakout,1594.45,1375.98,0.2825394378998198,0.3132778510680099,61.49879135377344,60.65884963660172,0.8399417171717213,stop_loss,38.00843790744008,True
2022-10-07 16:00:00+00:00,2022-10-13 16:00:00+00:00,short,squeeze_breakout,1327.49,1287.03,0.35449875055657726,0.3141032314764736,14.813612993895479,13.886768920590297,0.9268440733051824,stop_loss,75.30174294444132,False
2022-11-03 00:00:00+00:00,2022-11-06 16:00:00+00:00,long,mean_reversion,1547.35,1610.41,0.7192656214966129,0.7362623543646414,60.09273662214512,57.80784552233683,2.28489109980829,stop_loss,60.0079786201203,True
2022-11-07 08:00:00+00:00,2022-11-08 00:00:00+00:00,long,mean_reversion,1580.0,1507.07,1.0212152790762656,1.0288180685010502,-72.8637101620916,-76.01627321366958,3.1525630515779675,stop_loss,58.956256878042424,False
2022-12-03 20:00:00+00:00,2022-12-04 16:00:00+00:00,short,squeeze_breakout,1240.51,1278.5,0.42911789857479904,0.357098737508738,-15.769863922495595,-16.8508162001845,1.0809522776889047,stop_loss,84.13191965558629,False
2022-12-12 00:00:00+00:00,2022-12-12 20:00:00+00:00,short,squeeze_breakout,1243.83,1275.4,0.6489540618507138,0.5478737729675281,-19.680291201875367,-21.31515574311154,1.6348645412361738,stop_loss,78.75913436784064,False
2022-12-16 08:00:00+00:00,2022-12-20 04:00:00+00:00,short,squeeze_breakout,1212.83,1208.31,0.67138042635832,0.5611057136247981,3.848909849639755,2.2234038441665724,1.6255060054731827,stop_loss,45.373991272640325,False
2022-12-28 04:00:00+00:00,2023-01-02 04:00:00+00:00,short,squeeze_breakout,1194.59,1213.09,1.378456649585332,1.1336175693079358,-23.854757488300503,-27.173639994374117,3.3188825060736122,stop_loss,52.86459608002916,False
2023-01-14 00:00:00+00:00,2023-01-18 20:00:00+00:00,long,squeeze_breakout,1556.08,1511.43,0.3854297765489366,0.42124526258798056,-16.609679956217697,-17.791989650079326,1.1823096938616287,stop_loss,72.66666666666666,False
2023-01-20 20:00:00+00:00,2023-01-24 20:00:00+00:00,long,squeeze_breakout,1658.52,1555.97,0.4861124604069175,0.5736696726374302,-49.04460557689529,-50.607209219748725,1.5626036428534325,stop_loss,70.0,False
2023-01-25 16:00:00+00:00,2023-01-27 00:00:00+00:00,long,mean_reversion,1561.48,1565.73,0.7379400528108886,0.8510355352081979,4.288523858109423,1.9808303455586838,2.307693512550739,stop_loss,54.370180404467185,False
2023-02-09 20:00:00+00:00,2023-02-10 04:00:00+00:00,short,squeeze_breakout,1545.35,1551.7,0.42019569437804055,0.47929506635060576,-2.0188932429935096,-3.32026031826702,1.3013670752735105,regime_flip,51.15922354354926,False
2023-02-13 08:00:00+00:00,2023-02-14 12:00:00+00:00,short,squeeze_breakout,1486.07,1544.83,0.681181389339998,0.7493779490689055,-39.01393521036178,-41.07852788331238,2.0645926729505995,stop_loss,49.87663571231689,False
2023-02-22 08:00:00+00:00,2023-02-24 12:00:00+00:00,long,mean_reversion,1644.49,1602.94,0.813091547811698,1.0216852606260702,-32.446832892115154,-35.0872907772253,2.6404578851101426,stop_loss,69.90364522691661,False
2023-03-03 00:00:00+00:00,2023-03-11 00:00:00+00:00,short,squeeze_breakout,1565.44,1458.31,0.3928373904008285,0.4833416403855059,48.97913868362712,47.797576130088174,1.1815625535389478,stop_loss,35.47724662730405,True
2023-03-12 20:00:00+00:00,2023-03-15 12:00:00+00:00,long,squeeze_breakout,1580.33,1634.04,0.3448639504847105,0.4130347608557669,42.51666594061121,41.38469657977846,1.131969360832747,stop_loss,54.840955826073525,True
2023-03-17 20:00:00+00:00,2023-03-20 20:00:00+00:00,long,squeeze_breakout,1789.27,1732.78,0.3381643193992102,0.4447917184559111,-18.497835131089964,-19.688866772229954,1.1910316411399884,stop_loss,70.0,False
2023-04-26 08:00:00+00:00,2023-04-26 16:00:00+00:00,long,squeeze_breakout,1914.58,1828.74,0.4143247142956869,0.5919637809187279,-34.7723756636455,-36.323325653162826,1.5509499895173307,stop_loss,46.17133080971101,False
2023-05-01 00:00:00+00:00,2023-05-02 16:00:00+00:00,short,squeeze_breakout,1846.58,1868.37,0.5561277711830331,0.7881743902439028,-11.091089714367106,-13.157076577923515,2.0659868635564087,stop_loss,31.12213108602873,False
2023-05-11 16:00:00+00:00,2023-05-15 00:00:00+00:00,short,squeeze_breakout,1784.46,1826.09,0.4283167491415008,0.5930690342797452,-17.066512160587585,-18.61297119920043,1.5464590386128458,stop_loss,51.380407699125406,False
2023-06-05 16:00:00+00:00,2023-06-06 16:00:00+00:00,short,squeeze_breakout,1806.49,1891.82,0.6481320524658568,0.9223844779167714,-54.13426396545246,-56.53125721640747,2.3969932509550027,stop_loss,49.3913925541532,False
2023-06-20 20:00:00+00:00,2023-06-26 16:00:00+00:00,long,squeeze_breakout,1791.99,1854.1,0.5454262991071422,0.8066576637407159,42.55797238616994,40.561594864783494,1.9963775213864485,stop_loss,50.979632037740046,True
2023-07-06 20:00:00+00:00,2023-07-07 08:00:00+00:00,short,squeeze_breakout,1846.17,1860.17,0.5156295316282307,0.760791805257116,-6.266873670389138,-8.177972028644115,1.9110983582549768,regime_flip,54.12763985300069,False
2023-07-17 20:00:00+00:00,2023-07-18 16:00:00+00:00,long,mean_reversion,1911.2,1892.05,1.073714377356547,1.6520826387087997,-18.50954740837414,-22.59315161405543,4.083604205681288,trend_reversal,64.52123351115009,False
2023-07-22 20:00:00+00:00,2023-07-23 16:00:00+00:00,short,squeeze_breakout,1866.52,1889.13,0.9644446347163692,1.4785989928139005,-20.00593799134643,-23.628054483718962,3.622116492372532,regime_flip,56.07340390692452,False
2023-07-24 08:00:00+00:00,2023-07-29 20:00:00+00:00,short,squeeze_breakout,1853.04,1880.46,0.7168965631588993,1.1144190042527602,-18.328865754421102,-21.005399072974853,2.6765333185537505,stop_loss,48.66833228817243,False
2023-07-31 12:00:00+00:00,2023-08-01 20:00:00+00:00,short,squeeze_breakout,1857.37,1873.47,1.177279753749161,1.8693874910136599,-16.767559939140572,-21.159802335618092,4.39224239647752,stop_loss,62.352562338068424,False
2023-08-15 16:00:00+00:00,2023-08-17 20:00:00+00:00,short,squeeze_breakout,1827.67,1681.49,1.0318317554715866,1.6450675067506733,122.73398314535508,119.08313539151041,3.650847753844677,take_profit_full,59.89882074610286,True
2023-09-11 08:00:00+00:00,2023-09-12 00:00:00+00:00,short,squeeze_breakout,1586.53,1584.81,1.0685516852227688,1.3416744186046536,3.533198203739671,0.14445750232529542,3.3887407014143753,stop_loss,35.02340448419467,False
2023-09-21 12:00:00+00:00,2023-09-25 16:00:00+00:00,short,squeeze_breakout,1583.63,1591.47,0.6632690706368086,0.832300473008486,-4.149656715459956,-6.2556023416388875,2.105945626178931,stop_loss,65.42477887523825,False
2023-09-27 12:00:00+00:00,2023-09-28 04:00:00+00:00,short,mean_reversion,1601.63,1619.35,1.2576880782758892,1.6054371795973328,-20.27188179023949,-24.322869936604565,4.050988146365074,stop_loss,72.02941656867606,False
2023-10-09 08:00:00+00:00,2023-10-16 04:00:00+00:00,short,squeeze_breakout,1590.65,1578.73,0.9390169683933532,1.215960467401987,34.85692022779081,31.902988819128048,2.953931408662759,stop_loss,31.466190272692998,True
2023-10-16 12:00:00+00:00,2023-10-16 20:00:00+00:00,short,mean_reversion,1577.6,1599.42,1.3558361830350378,1.6992414100847828,-27.44537835146867,-31.752897021694647,4.307518670225976,stop_loss,46.375613061822236,False
2023-10-17 08:00:00+00:00,2023-10-19 16:00:00+00:00,short,mean_reversion,1584.42,1568.0,1.072324656466196,1.3870783776685551,19.306583491373186,15.92616579783602,3.3804176935371655,stop_loss,68.08512243568678,False
2023-10-24 00:00:00+00:00,2023-10-25 04:00:00+00:00,long,squeeze_breakout,1809.26,1769.23,0.3599307339791906,0.5255439135215887,-13.7568190014278,-15.044827533664995,1.288008532237194,stop_loss,70.83333333333334,False
2023-10-30 08:00:00+00:00,2023-11-02 12:00:00+00:00,long,squeeze_breakout,1814.92,1803.2,0.7028823491549204,1.042715036112935,-6.9621058989674385,-9.505218584091839,2.5431126851244006,stop_loss,64.29807062994824,False
2023-11-05 00:00:00+00:00,2023-11-09 20:00:00+00:00,long,squeeze_breakout,1888.58,2121.32,0.5461621596566075,0.8506022390940658,104.57835478078057,102.41186603396272,2.1664887468178478,take_profit_full,71.16666666666666,True
2023-11-15 04:00:00+00:00,2023-11-16 12:00:00+00:00,long,mean_reversion,1982.88,1995.67,0.5315416161656641,0.802108109982316,7.852400510621395,5.737635613625493,2.1147648969959025,stop_loss,49.55487791410422,False
2023-11-17 00:00:00+00:00,2023-11-17 12:00:00+00:00,long,mean_reversion,1983.97,1918.35,0.5882514524962682,0.8850179389629166,-37.43398707859616,-39.7295324867014,2.2955454081052373,stop_loss,49.71716374002368,False
2023-11-27 20:00:00+00:00,2023-12-03 20:00:00+00:00,long,mean_reversion,2027.5,2192.95,0.8291963899166903,1.3156918912404634,97.10097025021908,93.64315911453724,3.457811135681842,take_profit_full,64.52046706971431,True
2023-12-11 20:00:00+00:00,2023-12-12 16:00:00+00:00,long,mean_reversion,2225.12,2179.05,0.5291237954279076,0.8595368960113018,-23.199369315681,-25.529720461790728,2.3303511461097277,stop_loss,66.58222920743212,False
2023-12-18 08:00:00+00:00,2023-12-18 12:00:00+00:00,short,squeeze_breakout,2142.19,2155.2,0.4650939215839453,0.7418289304442454,-5.0545523719291054,-7.053242339604736,1.9986899676756305,regime_flip,31.434539045780706,False
2023-12-22 08:00:00+00:00,2023-12-26 04:00:00+00:00,long,squeeze_breakout,2313.03,2241.4,0.2992191088383685,0.5184256279717593,-20.740961990775954,-22.103734476642686,1.362772485866731,stop_loss,58.93494036889793,False
2023-12-26 20:00:00+00:00,2023-12-27 00:00:00+00:00,long,mean_reversion,2230.88,2216.93,0.7779633218082179,1.3226075835725988,-9.117045523869335,-12.577278566241144,3.4602330423718097,trend_reversal,66.5373838725519,False
2024-01-08 00:00:00+00:00,2024-01-08 08:00:00+00:00,short,squeeze_breakout,2190.87,2240.61,0.466618781605537,0.7876577386302349,-22.1873171070034,-24.255128905312702,2.067811798309305,regime_flip,49.628664056511916,False
2024-01-08 16:00:00+00:00,2024-01-09 12:00:00+00:00,long,squeeze_breakout,2354.56,2257.18,0.35801703917544553,0.6623900331558316,-34.02072667514399,-35.67180817539096,1.6510815002469692,stop_loss,69.42153436469141,False
2024-01-10 12:00:00+00:00,2024-01-14 16:00:00+00:00,long,squeeze_breakout,2449.3,2501.0,0.21080630297366296,0.4177045266286605,11.41501374161173,10.371459300001206,1.0435544416105238,stop_loss,70.0,False
2024-01-18 20:00:00+00:00,2024-01-20 08:00:00+00:00,long,mean_reversion,2470.81,2470.59,0.5887380052929849,1.1674982955657711,1.3251373896936212,-1.5840525896611344,2.9091899793547555,trend_reversal,55.08611384112152,False
2024-01-22 08:00:00+00:00,2024-01-27 00:00:00+00:00,short,squeeze_breakout,2381.34,2274.13,0.577528738495068,1.1064971788914661,79.4600653743536,76.78756557518614,2.672499799167465,stop_loss,48.570174660505124,True
2024-01-30 00:00:00+00:00,2024-01-30 12:00:00+00:00,short,mean_reversion,2311.4,2340.91,0.7979969871719813,1.3991041472104075,-21.70440085529566,-25.416930218685742,3.7125293633900807,trend_reversal,57.449889565543415,False
2024-01-30 16:00:00+00:00,2024-01-31 08:00:00+00:00,long,squeeze_breakout,2374.93,2300.18,0.431076862163979,0.7929649415692844,-31.19921807449833,-33.21454982356977,2.0153317490714397,stop_loss,65.24921993716545,False
2024-03-06 08:00:00+00:00,2024-03-14 12:00:00+00:00,long,squeeze_breakout,3879.74,3845.81,0.08549993804504409,0.26393045607829035,-2.5692953682374524,-3.2298294146013427,0.6605340463638903,stop_loss,70.0,False
2024-03-14 20:00:00+00:00,2024-03-15 00:00:00+00:00,long,mean_reversion,3881.7,3722.2,0.2405729950609147,0.7451133633880679,-37.43756051728794,-39.26685351443163,1.829292997143689,stop_loss,57.35783925579811,False
2024-03-25 12:00:00+00:00,2024-03-27 16:00:00+00:00,long,squeeze_breakout,3581.49,3491.18,0.1818507869433956,0.5368975265017673,-15.771647793928146,-17.05781839921909,1.2861706052909456,stop_loss,56.53149988548713,False
2024-04-02 00:00:00+00:00,2024-04-07 00:00:00+00:00,short,squeeze_breakout,3366.08,3388.41,0.17839945185546519,0.5023625102604286,-3.3831529330308805,-4.588150246594101,1.2049973135632208,stop_loss,66.62142985445465,False
2024-04-08 00:00:00+00:00,2024-04-08 04:00:00+00:00,short,mean_reversion,3423.0,3473.88,0.46730936502422227,1.3440018846652197,-22.177100535954565,-25.400077149402826,3.2229766134482585,trend_reversal,73.39529853114688,False
2024-04-12 16:00:00+00:00,2024-04-15 04:00:00+00:00,short,squeeze_breakout,3206.17,3242.05,0.13460584648322724,0.37102621116061485,-4.398088544999079,-5.266056656409154,0.8679681114100756,stop_loss,42.95263044182781,False
2024-04-30 08:00:00+00:00,2024-05-03 12:00:00+00:00,short,squeeze_breakout,3007.45,3075.52,0.17180570334318443,0.446398430873622,-11.178117164051134,-12.223206103316624,1.0450889392654905,stop_loss,51.48463390846986,False
2024-05-16 00:00:00+00:00,2024-05-17 04:00:00+00:00,short,mean_reversion,3013.44,3024.67,0.2246437583753488,0.5913575886023783,-1.84579891931656,-3.2022226432003373,1.3564237238837773,stop_loss,75.01142973262672,False
2024-05-27 00:00:00+00:00,2024-05-28 00:00:00+00:00,long,squeeze_breakout,3919.58,3849.71,0.22877999930073192,0.7860045263127742,-15.08813704148295,-16.865595202250134,1.7774581607671838,stop_loss,71.33333333333333,False
2024-06-11 04:00:00+00:00,2024-06-12 12:00:00+00:00,short,squeeze_breakout,3534.6,3618.32,0.2804840421922748,0.8827357379856563,-22.4907251168045,-24.497005031882466,2.006279915077966,stop_loss,53.17540539790431,False
2024-06-14 16:00:00+00:00,2024-06-15 12:00:00+00:00,short,squeeze_breakout,3406.21,3565.8,0.16326190244821348,0.5066503049233971,-25.498862686972284,-26.637126303460253,1.138263616487969,stop_loss,46.053697369303556,False
2024-06-24 00:00:00+00:00,2024-06-25 00:00:00+00:00,short,squeeze_breakout,3402.81,3371.61,0.3488728099973457,1.1090522639972071,12.071979558504191,9.708568617001973,2.363410941502219,stop_loss,39.08541981437513,False
2024-07-01 08:00:00+00:00,2024-07-01 16:00:00+00:00,short,mean_reversion,3459.6,3471.47,0.5491856432619178,1.760956349119779,-4.6188709340899745,-8.425315070533355,3.80644413644338,trend_reversal,71.44717217942832,False
2024-07-03 08:00:00+00:00,2024-07-05 04:00:00+00:00,short,squeeze_breakout,3307.5,2882.21,0.27166967904908995,0.8408542010931753,81.58444214103459,79.86803310880244,1.7164090322321504,take_profit_full,53.82618097836486,True
2024-07-15 00:00:00+00:00,2024-07-16 04:00:00+00:00,long,squeeze_breakout,3329.37,3376.8,0.2841102469467037,0.8242617906594266,14.421257145559187,12.515965530792611,1.9052916147665762,stop_loss,56.18353122050932,False
2024-07-19 16:00:00+00:00,2024-07-22 20:00:00+00:00,long,squeeze_breakout,3522.97,3439.6,0.20658830545186033,0.6278764655710152,-16.49546262306383,-17.93384816095379,1.438385537889959,stop_loss,71.66666666666666,False
2024-07-24 20:00:00+00:00,2024-07-26 16:00:00+00:00,short,squeeze_breakout,3335.81,3274.19,0.1773091694958663,0.5186098988351052,11.517260725031269,10.345247114663593,1.1720136103676764,stop_loss,69.59128481708848,False
2024-07-29 00:00:00+00:00,2024-07-29 12:00:00+00:00,long,squeeze_breakout,3348.98,3308.67,0.2533936665995463,0.7377652593979632,-9.365688379059149,-11.052694723495618,1.6870063444364696,regime_flip,60.51345009676925,False
2024-07-31 20:00:00+00:00,2024-08-05 00:00:00+00:00,short,squeeze_breakout,3232.74,2312.72,0.2073538556225361,0.5888568528975511,118.97813696721938,117.75580257663299,1.2223343905864006,take_profit_full,57.08999928856939,True
2024-08-14 12:00:00+00:00,2024-08-18 08:00:00+00:00,short,mean_reversion,2674.21,2649.4,0.2853709916555381,0.6078736807923363,7.843196262569041,6.323992397681702,1.5192038648873392,stop_loss,33.15280009547179,False
2024-08-27 08:00:00+00:00,2024-08-29 04:00:00+00:00,short,squeeze_breakout,2626.67,2547.53,0.34545626053652034,0.7195933702522355,43.82688540492076,42.05500569900289,1.7718797059178668,stop_loss,61.759491175805294,True
2024-09-01 20:00:00+00:00,2024-09-02 08:00:00+00:00,short,squeeze_breakout,2425.72,2515.81,0.31008007633212137,0.5776407953598337,-27.182946634000505,-28.715216633597972,1.5322699995974678,stop_loss,46.94313601932443,False
2024-09-04 00:00:00+00:00,2024-09-09 16:00:00+00:00,short,squeeze_breakout,2373.0,2350.57,0.22772717779361887,0.4246165644171779,5.64831719081509,4.572631925604487,1.0756852652106041,stop_loss,42.143927757747605,False
2024-10-01 12:00:00+00:00,2024-10-07 00:00:00+00:00,short,squeeze_breakout,2524.81,2495.34,0.30069860340893506,0.5946626066183262,31.120744827073025,29.632692683313397,1.4880521437596266,stop_loss,74.00586593146183,True
2024-10-07 04:00:00+00:00,2024-10-11 12:00:00+00:00,short,mean_reversion,2480.53,2443.81,0.8164073576952682,1.5511345160886916,61.94125892423984,57.95092917425341,3.990329749986432,stop_loss,64.44353911016357,True
2024-10-23 12:00:00+00:00,2024-10-28 20:00:00+00:00,short,squeeze_breakout,2540.22,2567.48,0.3858583326436259,0.7199149780359922,-9.538333094117334,-11.509181699761182,1.9708486056438481,stop_loss,69.38254834765272,False
2024-10-29 00:00:00+00:00,2024-10-31 12:00:00+00:00,long,squeeze_breakout,2607.75,2562.86,0.35413108547961525,0.6845643246892053,-14.97345908902042,-16.804532820912172,1.8310737318917534,stop_loss,64.62007340677155,False
2024-11-04 20:00:00+00:00,2024-11-06 00:00:00+00:00,short,squeeze_breakout,2398.21,2579.31,0.33679634011251364,0.6067138907461296,-60.18610884355496,-61.8625193623918,1.6764105188368388,stop_loss,50.30112187752624,False
2024-11-06 16:00:00+00:00,2024-11-11 20:00:00+00:00,long,squeeze_breakout,2687.25,3371.59,0.19748690110973038,0.41832808868824595,94.04568152299221,92.89077318812998,1.1549083348622309,take_profit_full,70.0,True
2024-11-21 16:00:00+00:00,2024-11-24 12:00:00+00:00,long,squeeze_breakout,3347.0,3294.39,0.18036720260403544,0.4435714420947009,-8.88542950188262,-10.083318437585035,1.197888935702415,stop_loss,70.88185273863179,False
2024-12-19 16:00:00+00:00,2024-12-20 12:00:00+00:00,short,squeeze_breakout,3439.44,3374.61,0.129744357964745,0.3304838643258157,8.857574661412674,7.973490119023002,0.8840845423896708,stop_loss,30.567276032012167,False
2025-01-02 12:00:00+00:00,2025-01-03 00:00:00+00:00,short,mean_reversion,3463.51,3470.16,0.49345569749920326,1.2587062274485388,-1.572391645524057,-4.993850611603357,3.4214589660793004,trend_reversal,54.851903951201976,False
2025-01-07 16:00:00+00:00,2025-01-14 00:00:00+00:00,short,squeeze_breakout,3385.67,3158.87,0.19819313373637362,0.49664061190276615,55.70033109467009,54.41332731502321,1.2870037796468834,stop_loss,58.49320369990238,True
2025-01-15 16:00:00+00:00,2025-01-16 00:00:00+00:00,long,squeeze_breakout,3434.99,3363.38,0.17312874690413502,0.42331505329964847,-11.803054051476817,-12.980047330567482,1.1769932790906643,regime_flip,65.93736264023661,False
2025-02-24 20:00:00+00:00,2025-03-02 16:00:00+00:00,short,squeeze_breakout,2513.52,2486.42,0.2079727794772562,0.3757290509951307,41.40291313861855,40.39830582667315,1.004607311945399,stop_loss,47.214049742791076,True
2025-03-03 00:00:00+00:00,2025-03-05 04:00:00+00:00,short,mean_reversion,2441.15,2207.0,0.30795387343074687,0.5252834979450433,87.81340115573194,86.3969395990386,1.4164615566933292,stop_loss,42.47797745976655,True
2025-03-28 04:00:00+00:00,2025-04-01 12:00:00+00:00,short,squeeze_breakout,1910.21,1918.58,0.4374781416551029,0.5509464359291298,-2.826016924682169,-4.501028858669811,1.6750119339876415,stop_loss,62.792610714847186,False
2025-04-01 16:00:00+00:00,2025-04-02 16:00:00+00:00,short,mean_reversion,1910.09,1911.45,0.6065745685913729,0.7665502849345857,0.3336706044363511,-1.9843783724183244,2.3180489768546755,stop_loss,63.94610217491605,False
2025-04-06 16:00:00+00:00,2025-04-08 00:00:00+00:00,short,squeeze_breakout,1626.24,1584.71,0.4046541712931516,0.4362900505902196,42.66521432146582,41.39109187194021,1.274122449525608,stop_loss,34.29118823377629,True
2025-04-14 12:00:00+00:00,2025-04-19 16:00:00+00:00,short,mean_reversion,1627.93,1614.79,0.5436253071676002,0.5713066016925361,8.028220482479671,6.265395826421152,1.7628246560585206,stop_loss,37.64822964786074,False
2025-04-21 08:00:00+00:00,2025-04-21 12:00:00+00:00,short,mean_reversion,1626.34,1623.3,1.0483900556951353,1.096887886846262,4.8921444524924,1.4852541919032605,3.4068902605891394,trend_reversal,58.15365119498561,False
2025-05-06 08:00:00+00:00,2025-05-06 16:00:00+00:00,short,squeeze_breakout,1769.92,1784.79,0.28326109713105974,0.3225744636534052,-3.710743033304622,-4.717654087887372,1.0069110545827495,regime_flip,81.74620745482858,False
2025-05-27 04:00:00+00:00,2025-05-29 12:00:00+00:00,long,squeeze_breakout,2607.59,2643.68,0.3374609938572499,0.5680847156951228,13.058927181280273,11.286828388067512,1.7720987932127608,stop_loss,68.88577905066155,False
2025-06-05 20:00:00+00:00,2025-06-06 00:00:00+00:00,short,squeeze_breakout,2414.01,2455.71,0.291535214607811,0.4513072043800492,-11.453249525730264,-12.872944391010213,1.4196948652799495,regime_flip,47.43098642533937,False
2025-06-13 12:00:00+00:00,2025-06-14 04:00:00+00:00,long,mean_reversion,2551.27,2537.5,0.3513978690227479,0.5799564843229901,-3.9422378151415662,-5.730420749088455,1.7881829339468887,trend_reversal,55.09426190735563,False
2025-06-16 16:00:00+00:00,2025-06-16 20:00:00+00:00,long,squeeze_breakout,2660.53,2544.17,0.3657043567517222,0.6321264679926674,-41.580391539361784,-43.48377300494747,1.9033814655856887,stop_loss,63.40176528592795,False
2025-06-20 16:00:00+00:00,2025-06-23 16:00:00+00:00,short,squeeze_breakout,2414.85,2312.77,0.31153410872681325,0.5033034597749064,54.02775607583128,52.57641523884676,1.4513408369845175,stop_loss,33.14353632094247,True
2025-06-26 08:00:00+00:00,2025-06-29 04:00:00+00:00,short,mean_reversion,2450.36,2440.5,0.5210145690938489,0.8254896865043835,6.41387691079022,3.865667595391878,2.548209315398342,trend_reversal,42.940521618652596,False
2025-06-30 00:00:00+00:00,2025-06-30 08:00:00+00:00,long,squeeze_breakout,2499.21,2458.52,0.5991533391747895,0.9665987071108889,-22.88213935422319,-25.85257983845022,2.970440484227029,regime_flip,70.2408386947254,False
2025-08-12 20:00:00+00:00,2025-08-14 16:00:00+00:00,long,squeeze_breakout,4590.52,4537.63,0.14967965711066944,0.4515085816255561,-7.229449605023686,-8.595747967078443,1.3662983620547573,stop_loss,74.5,False
2025-08-18 12:00:00+00:00,2025-08-19 00:00:00+00:00,long,mean_reversion,4345.52,4218.66,0.2869350842907092,0.8243734942044649,-35.15370264563257,-37.61106635581338,2.4573637101808057,stop_loss,51.19352589536288,False
2025-08-19 08:00:00+00:00,2025-08-19 12:00:00+00:00,long,mean_reversion,4308.93,4192.14,0.24417335892623,0.7139528773504523,-27.46488067751639,-29.540615493883397,2.075734816367006,trend_reversal,48.69607493579609,False
2025-08-22 16:00:00+00:00,2025-08-25 04:00:00+00:00,long,squeeze_breakout,4833.0,4591.36,0.11779066138891627,0.39449380815783935,-27.893653151525132,-29.00375474909238,1.1101015975672468,stop_loss,70.0,False
2025-08-26 00:00:00+00:00,2025-08-27 20:00:00+00:00,long,mean_reversion,4402.58,4506.71,0.20387328656635428,0.6349984031319219,22.126893784125798,20.310527550853042,1.8163662332727548,stop_loss,42.25867041205821,False
2025-09-11 04:00:00+00:00,2025-09-14 12:00:00+00:00,long,squeeze_breakout,4440.41,4582.22,0.2538049340576867,0.7865098684210541,53.608782231687606,51.30230451294497,2.306477718742634,stop_loss,74.09936603152121,True
2025-09-19 20:00:00+00:00,2025-09-20 08:00:00+00:00,long,mean_reversion,4468.59,4469.96,0.37188435889482435,1.120500999419691,2.171280298999692,-1.1528266371996403,3.3241069361993323,trend_reversal,72.86810892211865,False
2025-09-22 00:00:00+00:00,2025-09-28 16:00:00+00:00,short,squeeze_breakout,4305.87,4039.45,0.33780161900693073,0.9826106375002025,87.51118130734396,84.68817824432733,2.823003063016635,stop_loss,54.25295462602979,True
2025-09-30 04:00:00+00:00,2025-10-01 08:00:00+00:00,short,mean_reversion,4182.13,4298.2,0.48016861685938994,1.284375973430555,-53.72504378124309,-57.79703210785428,4.071988326611191,stop_loss,61.347255999055136,False
2025-10-02 00:00:00+00:00,2025-10-07 12:00:00+00:00,long,squeeze_breakout,4376.3,4511.99,0.21883130493735822,0.6368769555410023,48.31057751519228,46.347881729522165,1.9626957856701166,stop_loss,67.36681841316788,True
2025-10-09 20:00:00+00:00,2025-10-10 00:00:00+00:00,long,mean_reversion,4368.09,4347.13,0.32211439123712576,0.9082913744396818,-5.344492989111191,-8.151790773908814,2.8072977847976235,trend_reversal,48.7777755356242,False
2025-10-10 12:00:00+00:00,2025-10-12 16:00:00+00:00,short,squeeze_breakout,4103.11,4135.68,0.16516164793893548,0.44018375619736494,-4.701638464096504,-6.062370597519327,1.3607321334228222,stop_loss,32.91602888916181,False
2025-10-20 08:00:00+00:00,2025-10-21 12:00:00+00:00,short,mean_reversion,4035.02,4081.66,0.3720417279762555,0.9793873701438294,-15.85083037959376,-18.870574032224074,3.0197436526303134,stop_loss,36.24560064319007,False
2025-10-26 20:00:00+00:00,2025-10-28 00:00:00+00:00,long,squeeze_breakout,4158.46,4094.32,0.31032161534839714,0.8532424668777107,-18.613568383884456,-21.1745844045994,2.561016020714945,stop_loss,72.79888674010076,False
2025-10-29 16:00:00+00:00,2025-10-31 08:00:00+00:00,short,squeeze_breakout,3905.71,3874.01,0.1854857265507443,0.4862254352736135,6.604350988705068,5.161323972143712,1.4430270165613566,stop_loss,57.700810085308305,False
2025-11-03 12:00:00+00:00,2025-11-07 16:00:00+00:00,short,squeeze_breakout,3588.89,3443.6,0.22475662054740275,0.539769672879627,57.35988765005383,55.80318733508323,1.5567003149705991,stop_loss,39.87458661111481,True
2025-11-10 12:00:00+00:00,2025-11-11 00:00:00+00:00,short,mean_reversion,3519.46,3606.1,0.38410116429235974,0.8724924388913681,-31.92669619060961,-34.66363208284468,2.736935892235067,stop_loss,40.731095452033045,False
2025-12-01 00:00:00+00:00,2025-12-02 12:00:00+00:00,short,squeeze_breakout,2825.77,3006.61,0.33267186001419335,0.6211653686722777,-59.22032500309447,-61.16059370600405,1.9402687029095809,stop_loss,54.67210914837616,False
2025-12-12 12:00:00+00:00,2025-12-15 08:00:00+00:00,short,squeeze_breakout,3071.41,3156.73,0.1759009960472843,0.3722695594206411,-14.467608904484734,-15.563144934006669,1.0955360295219334,stop_loss,62.86457078783367,False
2025-12-15 12:00:00+00:00,2025-12-18 12:00:00+00:00,short,squeeze_breakout,3010.96,2965.19,0.266377852047805,0.5588566580049859,12.99416734562989,11.4022533451144,1.59191400051549,stop_loss,52.90770150332969,False
2025-12-18 16:00:00+00:00,2025-12-19 04:00:00+00:00,short,squeeze_breakout,2781.93,2951.73,0.19743799982724577,0.3799079177112085,-32.97571367580696,-34.10775603789644,1.132042362089486,stop_loss,33.2273889539359,False
2025-12-22 16:00:00+00:00,2025-12-26 00:00:00+00:00,short,mean_reversion,2980.44,2964.92,0.6203776243870566,1.310313901345291,11.477259017315266,7.788890704389434,3.6883683129258307,stop_loss,54.283240031097094,False
2025-12-29 08:00:00+00:00,2025-12-30 08:00:00+00:00,short,mean_reversion,2959.91,2978.88,0.7643208397240335,1.5964994606256713,-12.236845432857546,-16.77598639260224,4.539140959744693,stop_loss,73.25370403003491,False
2026-01-19 08:00:00+00:00,2026-01-20 04:00:00+00:00,long,mean_reversion,3223.91,3123.37,0.6885404499404308,1.5878201339637505,-67.00606439504344,-71.37642342214134,4.370359027097898,stop_loss,60.59568884491242,False
2026-01-20 12:00:00+00:00,2026-01-21 16:00:00+00:00,short,squeeze_breakout,3032.99,3055.56,0.2581456609872219,0.5911685020953122,-5.043394360164006,-6.615127124367756,1.57173276420375,stop_loss,36.04119474256255,False
2026-01-28 00:00:00+00:00,2026-01-31 04:00:00+00:00,short,mean_reversion,3005.18,2680.06,0.4237042996514353,0.9668109787484366,108.46625845604301,106.02683603235883,2.439422423684184,take_profit_full,41.746201281631684,True
2026-02-23 00:00:00+00:00,2026-02-23 08:00:00+00:00,short,squeeze_breakout,1862.87,1915.3,0.5548686941126602,0.7270141889443317,-28.058117388125154,-30.154505642160785,2.096388254035629,stop_loss,42.58404655270789,False
2026-02-24 00:00:00+00:00,2026-02-25 00:00:00+00:00,short,squeeze_breakout,1832.03,1906.14,0.37315361706460115,0.49161274246722375,-26.970785939586776,-28.365697596289156,1.39491165670238,stop_loss,42.24069990397277,False
2026-03-19 12:00:00+00:00,2026-03-19 16:00:00+00:00,short,squeeze_breakout,2118.81,2141.19,0.26715458924248536,0.415744078486335,-5.4128698920139815,-6.550948442186969,1.1380785501729878,regime_flip,71.33990360563504,False
