opened,closed,side,entry_type,entry,exit,amount,leverage,gross_pnl,net_pnl,fees,reason,sentiment
2021-05-04 12:00:00+00:00,2021-05-05 12:00:00+00:00,short,squeeze_breakout,53799.33,57636.74,0.007486739113345486,0.40278154818278117,-28.729687540943072,-29.161198776666797,0.8342927839065055,stop_loss,61.509922378237974
2021-05-10 20:00:00+00:00,2021-05-11 16:00:00+00:00,short,squeeze_breakout,55816.14,56608.94,0.0063756210976027095,0.36670378320238983,-5.054592406179447,-5.415509558356373,0.7167797119476724,trend_reversal,63.23276495161281
2021-05-12 20:00:00+00:00,2021-05-23 12:00:00+00:00,short,squeeze_breakout,49631.32,33318.09,0.004962593095959179,0.25532193659121466,80.95592257079419,80.79057844738963,0.41164416937988735,take_profit,34.66916691544484
2021-06-07 20:00:00+00:00,2021-06-09 04:00:00+00:00,short,squeeze_breakout,33552.79,34169.05,0.010954452632711515,0.3516545253507835,-6.750790979434821,-7.125094219164572,0.741855688480068,stop_loss,39.27446107493512
2021-06-10 00:00:00+00:00,2021-06-11 04:00:00+00:00,short,mean_reversion,36959.69,37147.55,0.011492098256355346,0.409306857260472,-2.158905578438922,-2.585808873021795,0.8516476835873072,trend_reversal,72.70813144751244
2021-06-17 16:00:00+00:00,2021-06-24 16:00:00+00:00,short,squeeze_breakout,37702.53,34857.73,0.005409110862820802,0.19709677780715262,15.387838582552593,15.199289256556318,0.39248649057510177,stop_loss,79.64804490047649
2021-06-26 04:00:00+00:00,2021-06-27 04:00:00+00:00,short,squeeze_breakout,30720.37,33283.17,0.008635402949616379,0.2527222075319808,-22.13081067927685,-22.418224263667433,0.5526963581018899,stop_loss,32.13763313446577
2021-07-08 04:00:00+00:00,2021-07-11 20:00:00+00:00,short,squeeze_breakout,32487.57,34258.99,0.013500801879416312,0.4270698559238004,-23.91559046523562,-24.378114301814524,0.9011320826925736,stop_loss,65.72811654598956
2021-07-12 04:00:00+00:00,2021-07-13 16:00:00+00:00,short,mean_reversion,34281.74,32309.69,0.03186875439105203,1.090117169382508,62.846777096874135,61.81710752181311,2.1221859272189336,take_profit,74.62859817167202
2021-07-14 00:00:00+00:00,2021-07-21 04:00:00+00:00,short,squeeze_breakout,31830.01,30817.84,0.016139883184111387,0.4833195480689242,16.336305562461995,15.838909224875358,1.0111289807357324,stop_loss,51.6591115005547
2021-07-22 16:00:00+00:00,2021-07-23 04:00:00+00:00,short,mean_reversion,32376.93,32490.0,0.02653661723764032,0.7968223581441901,-3.000495311059983,-3.862670005110917,1.721348892790808,trend_reversal,73.30355326053727
2021-08-04 08:00:00+00:00,2021-08-05 08:00:00+00:00,long,mean_reversion,38160.06,38008.38,0.021310811333488423,0.7575221645498224,-3.2324238630635302,-4.042413278335065,1.623211254406133,stop_loss,57.275267720617194
2021-08-05 16:00:00+00:00,2021-08-12 12:00:00+00:00,long,squeeze_breakout,40692.24,44196.19,0.01045723246431927,0.3981836900871933,36.64161969335156,36.17944986048433,0.8876980460410939,stop_loss,61.07633496983421
2021-09-14 12:00:00+00:00,2021-09-20 00:00:00+00:00,long,squeeze_breakout,46754.42,45542.76,0.010396361887333961,0.44011586492914107,-12.596855844407028,-13.070334858715025,0.9595548844604023,stop_loss,40.7967898273133
2021-10-01 08:00:00+00:00,2021-10-06 12:00:00+00:00,long,squeeze_breakout,47488.08,54984.19,0.009925210300704023,0.4320669748434908,74.40046818721044,73.85473853824656,1.0170588297405239,trend_reversal,62.85029826344902
2021-10-24 16:00:00+00:00,2021-10-26 16:00:00+00:00,long,mean_reversion,60643.09,62000.0,0.016026944879749382,0.8348035849415774,21.74712177678079,20.75345119423633,1.9655940433121426,stop_loss,71.91154728397466
2021-11-02 12:00:00+00:00,2021-11-04 12:00:00+00:00,long,squeeze_breakout,64018.73,61035.01,0.009203454406151586,0.49761465801499816,-27.46053098072262,-28.022263912436625,1.1509263944087347,stop_loss,74.26505388647819
2021-11-12 16:00:00+00:00,2021-11-15 12:00:00+00:00,long,mean_reversion,63845.01,64288.16,0.012320964325120467,0.6808167423171911,5.460035340677153,4.667943214789516,1.5787242164345963,stop_loss,72.24302683139511
2021-11-19 00:00:00+00:00,2021-11-20 16:00:00+00:00,short,squeeze_breakout,55900.0,59430.04,0.007192393538270415,0.34680661830754306,-25.3894368858361,-25.816881121511255,0.8294990344644686,stop_loss,38.470652650021904
2021-11-29 20:00:00+00:00,2021-12-01 12:00:00+00:00,short,mean_reversion,57776.25,58614.49,0.017267117479328152,0.8804528990476487,-14.473988555871996,-15.4860918406929,2.0097325810859386,stop_loss,37.24483934584326
2021-12-21 12:00:00+00:00,2021-12-22 04:00:00+00:00,short,mean_reversion,48418.49,49206.42,0.019304812784053813,0.837101519075193,-15.210841136939527,-16.160761862813047,1.884630610610103,trend_reversal,65.79610856474557
2021-12-28 16:00:00+00:00,2022-01-11 16:00:00+00:00,short,squeeze_breakout,47689.46,42972.05,0.012263016443680974,0.5318897172347091,57.849676401585015,57.322709445816336,1.1117835879389473,stop_loss,67.80962803760286
2022-01-13 00:00:00+00:00,2022-01-14 12:00:00+00:00,short,mean_reversion,43509.93,43109.0,0.024588510557048953,0.9252746481568906,9.858271537637643,8.79828543603382,2.129830474745284,stop_loss,51.81719689657358
2022-01-17 20:00:00+00:00,2022-01-20 12:00:00+00:00,short,squeeze_breakout,42201.62,43308.69,0.020665940011028547,0.7492748241655941,-22.878642208009367,-23.7736569975056,1.7671509367844545,stop_loss,54.984940081488304
2022-01-20 16:00:00+00:00,2022-01-20 20:00:00+00:00,short,mean_reversion,42917.32,40680.91,0.012921077823575709,0.48672384457433554,28.896827655422904,28.371186451379025,1.0801792357431816,take_profit,81.98838163582437
2022-02-04 16:00:00+00:00,2022-02-07 12:00:00+00:00,long,squeeze_breakout,40727.91,43835.59,0.012642585170581588,0.4411673716535688,39.2891090829129,38.73491390283521,1.0691012510724762,trend_reversal,70.0
2022-02-17 16:00:00+00:00,2022-02-23 08:00:00+00:00,short,squeeze_breakout,41201.62,38782.91,0.015188455491239311,0.5191699008503675,36.73646918121542,36.14741667885968,1.2148414738926956,stop_loss,68.1547575401923
2022-02-24 00:00:00+00:00,2022-02-24 16:00:00+00:00,short,squeeze_breakout,34936.89,37300.0,0.01159849132639323,0.3265531013155154,-27.408510838313113,-27.84113456478758,0.8378389421106218,stop_loss,30.4706781230973
2022-02-28 16:00:00+00:00,2022-03-04 00:00:00+00:00,long,squeeze_breakout,41329.44,41449.94,0.011065594620040578,0.377139884931082,1.3334041517148896,0.8747359186498849,0.9160030619782946,stop_loss,52.61583187519504
2022-03-04 12:00:00+00:00,2022-03-09 00:00:00+00:00,short,squeeze_breakout,40694.32,41217.73,0.012009821680633402,0.40289240465151754,-6.2860607658603715,-6.781078353240866,0.9837491139951273,stop_loss,53.0813266171062
2022-03-09 04:00:00+00:00,2022-03-10 04:00:00+00:00,long,squeeze_breakout,41791.1,39238.9,0.010785169798336835,0.3738006538432297,-27.525910359315237,-27.949108558515196,0.8739223087592337,stop_loss,55.68841510029417
2022-03-16 08:00:00+00:00,2022-03-21 00:00:00+00:00,long,squeeze_breakout,40521.6,40832.93,0.011933390772940831,0.4107059653105872,3.71522254933969,3.2279472392455513,0.9708353976389381,stop_loss,61.46774525470771
2022-04-11 08:00:00+00:00,2022-04-13 12:00:00+00:00,short,squeeze_breakout,41067.63,41158.18,0.022402534820136894,0.7795899655457146,-2.028549527963461,-2.950597088546923,1.8420665716389606,stop_loss,36.21467066808907
2022-04-18 04:00:00+00:00,2022-04-18 16:00:00+00:00,short,squeeze_breakout,38919.85,40680.68,0.025721070851433447,0.8510525740347377,-45.2904331873296,-46.33678383989409,2.0474108719416537,stop_loss,34.49339541712597
2022-04-20 00:00:00+00:00,2022-04-21 00:00:00+00:00,short,mean_reversion,41386.14,41693.58,0.027370713853422445,1.0034056560740403,-8.41485226709626,-9.556035314801036,2.2739512431424576,trend_reversal,41.658381174767015
2022-05-05 04:00:00+00:00,2022-05-05 08:00:00+00:00,short,mean_reversion,39588.84,39492.83,0.03584641878008683,1.2690700616991406,3.441614667075949,2.0259381440851723,2.8347946606486296,trend_reversal,48.75492789621019
2022-06-10 16:00:00+00:00,2022-06-13 04:00:00+00:00,short,squeeze_breakout,28980.02,24811.59,0.022815938776042016,0.5909741190453993,95.10664367221683,94.54054395384058,1.2273060804247296,take_profit,47.657376569707445
2022-06-30 04:00:00+00:00,2022-06-30 20:00:00+00:00,short,squeeze_breakout,19435.9,19942.21,0.03084093975953654,0.49427816277781295,-15.615076209650873,-16.2301127069329,1.2144579183544035,stop_loss,45.08951752569702
2022-07-05 08:00:00+00:00,2022-07-05 16:00:00+00:00,short,mean_reversion,19520.39,20398.21,0.04549388631073543,0.7425912460327818,-39.93544328128976,-40.86343712797226,1.8160522500837233,stop_loss,54.81460774773463
2022-07-26 00:00:00+00:00,2022-07-27 16:00:00+00:00,short,squeeze_breakout,21141.53,22773.62,0.024550830331846386,0.44972205128672665,-40.069164676303174,-40.62827595696512,1.0781533966475838,stop_loss,47.11268596022183
2022-07-28 00:00:00+00:00,2022-07-31 20:00:00+00:00,long,squeeze_breakout,23133.45,23293.32,0.020815186390915962,0.43264180458279144,3.327723848315714,2.8428690508524634,0.9663818710781855,stop_loss,64.27399390838477
2022-08-19 20:00:00+00:00,2022-08-24 16:00:00+00:00,short,squeeze_breakout,20834.39,21707.58,0.02578073589939357,0.48157445396354237,-22.51148077999153,-23.071118166986487,1.0967632932099243,stop_loss,41.92386594685925
2022-08-26 12:00:00+00:00,2022-08-29 12:00:00+00:00,short,squeeze_breakout,20781.08,20262.28,0.03221072095813311,0.6131223104060161,16.71092203307955,16.05825938602399,1.3220362161442023,stop_loss,49.29527032713499
2022-09-06 16:00:00+00:00,2022-09-09 00:00:00+00:00,short,squeeze_breakout,18824.41,19950.73,0.03495097231222655,0.5942651558712446,-39.365979134707,-40.0632765465457,1.355228844542708,stop_loss,42.44543236097205
2022-09-09 12:00:00+00:00,2022-09-13 12:00:00+00:00,long,squeeze_breakout,21266.79,20829.77,0.027233350177858686,0.5430970947635697,-11.901518694727814,-12.46878311526207,1.146430359763239,stop_loss,65.33645727776391
2022-09-13 16:00:00+00:00,2022-09-19 16:00:00+00:00,short,squeeze_breakout,20283.58,19514.8,0.017469303386500493,0.336388536472974,13.430051057473893,13.089141095747014,0.6952499745112335,stop_loss,40.359849781830064
2022-10-07 12:00:00+00:00,2022-10-13 16:00:00+00:00,short,squeeze_breakout,19577.65,19369.94,0.018396442171835753,0.3378286003056752,3.821125003512055,3.464787022430127,0.7164970871673685,stop_loss,76.94096111644149
2022-10-14 04:00:00+00:00,2022-10-16 16:00:00+00:00,short,mean_reversion,19642.35,19375.39,0.029881841511003003,0.5489590270358322,7.977256409777335,7.3982840765834625,1.1659219227975224,stop_loss,78.42491774305505
2022-11-03 00:00:00+00:00,2022-11-04 16:00:00+00:00,long,mean_reversion,20310.63,21108.54,0.08276018986928167,1.5621621710710651,66.03518309859852,64.2882363203352,3.4278583734280557,take_profit,71.85071585264369
2022-11-08 00:00:00+00:00,2022-11-08 16:00:00+00:00,short,squeeze_breakout,20148.66,18256.64,0.04697360428652203,0.8312275935230062,88.87499878218543,88.01741859922394,1.8040353647051646,trend_reversal,45.68064853727276
2022-12-12 00:00:00+00:00,2022-12-12 20:00:00+00:00,short,squeeze_breakout,16918.97,17209.83,0.0746880156451188,1.0309619938020076,-21.723756230539298,-23.009124282829134,2.549012348349131,stop_loss,81.43478190339793
2022-12-16 08:00:00+00:00,2022-12-20 00:00:00+00:00,short,squeeze_breakout,17027.09,16727.24,0.048718177924897604,0.6904560476641494,14.608145650780475,13.79322499626801,1.644449454675709,stop_loss,55.695103817207325
2022-12-28 00:00:00+00:00,2023-01-02 04:00:00+00:00,short,squeeze_breakout,16650.65,16721.28,0.11946479911981583,1.6380028528665593,-8.43779876183228,-10.435403118058474,3.986770913690556,stop_loss,51.531553819132824
2023-01-02 20:00:00+00:00,2023-01-04 00:00:00+00:00,short,mean_reversion,16672.87,16862.02,0.12952242610546502,1.796656537293949,-24.499166897848898,-26.683176637287772,4.343520311979898,stop_loss,77.93758821038044
2023-01-13 20:00:00+00:00,2023-01-14 00:00:00+00:00,long,squeeze_breakout,19930.01,20967.23,0.030172899593148696,0.512605021329443,31.295934916005727,30.66329279046927,1.2339883161569047,trend_reversal,70.0
2023-01-20 20:00:00+00:00,2023-01-21 12:00:00+00:00,long,squeeze_breakout,22667.21,22998.9,0.03434103817711352,0.6469651605379744,11.390578952966864,10.600772850035248,1.5682216269102658,trend_reversal,70.0
2023-02-14 16:00:00+00:00,2023-02-15 20:00:00+00:00,long,squeeze_breakout,22208.65,24324.05,0.04312908125660314,0.7896428943311614,91.23525849021819,90.18618456127851,2.0069125993891372,trend_reversal,67.00661959197274
2023-02-22 16:00:00+00:00,2023-02-23 08:00:00+00:00,long,mean_reversion,23791.67,23780.2,0.052533419600409345,0.9597821695790063,-0.6025583228165652,-1.8518135475982196,2.499113007886125,stop_loss,56.33476435065084
2023-03-08 20:00:00+00:00,2023-03-09 16:00:00+00:00,short,squeeze_breakout,21705.44,20854.93,0.047584279490109065,0.7950232194294946,40.47090554913258,39.47853873126592,2.025204541282453,trend_reversal,43.420986361941836
2023-03-09 20:00:00+00:00,2023-03-10 00:00:00+00:00,short,squeeze_breakout,20362.22,20052.07,0.03736376380966967,0.5687975226564399,11.588371345569103,10.83915053819414,1.5100299860954949,trend_reversal,35.79206135660888
2023-03-10 08:00:00+00:00,2023-03-10 12:00:00+00:00,short,squeeze_breakout,19760.78,20004.96,0.03436406408437047,0.5038839276770054,-8.391017168121591,-9.078468895566859,1.366512437722414,trend_reversal,38.12735122958513
2023-03-13 12:00:00+00:00,2023-03-14 12:00:00+00:00,long,squeeze_breakout,23981.72,25894.67,0.0216267231180022,0.3876580881970898,41.37083998858224,40.810823130260204,1.0786628766554935,trend_reversal,70.0
2023-03-17 08:00:00+00:00,2023-03-22 16:00:00+00:00,long,squeeze_breakout,26918.73,26667.33,0.02272686099158595,0.443900520507574,-5.713532853284658,-6.319597555211407,1.2178429367067842,stop_loss,70.0
2023-03-27 16:00:00+00:00,2023-03-29 08:00:00+00:00,long,mean_reversion,26968.94,28353.99,0.05306079999401822,1.0435638561915903,73.49186103171509,71.9873756392927,2.9354789238130703,take_profit,59.22956983140912
2023-04-26 00:00:00+00:00,2023-04-26 16:00:00+00:00,long,squeeze_breakout,28309.1,27884.24,0.03608494651488046,0.708505590961502,-15.331050376312001,-16.33725168532009,2.027733668392493,stop_loss,57.30286724079507
2023-05-01 16:00:00+00:00,2023-05-02 12:00:00+00:00,short,squeeze_breakout,27843.36,28540.68,0.035602574418447906,0.6959125072749937,-24.826387193472083,-25.84250887712519,2.0074169801127435,trend_reversal,37.27037836610093
2023-05-12 00:00:00+00:00,2023-05-15 04:00:00+00:00,short,squeeze_breakout,26584.32,27407.48,0.030027564318027528,0.5711583367095137,-24.717489844027536,-25.54046971252259,1.6212422471460788,stop_loss,39.25278948088527
2023-05-23 04:00:00+00:00,2023-05-24 12:00:00+00:00,short,mean_reversion,27304.4,26314.69,0.04655454382779056,0.9269752400241318,46.07549757180273,44.850429182883005,2.4962122754112466,take_profit,78.25569880552332
2023-05-31 12:00:00+00:00,2023-06-03 12:00:00+00:00,short,squeeze_breakout,26911.54,27305.26,0.044910406854541327,0.8542241932448649,-17.6821253867699,-18.908415722638935,2.434898546351296,trend_reversal,67.17423030219636
2023-06-05 08:00:00+00:00,2023-06-05 16:00:00+00:00,short,squeeze_breakout,26773.39,25629.99,0.07644076408220836,1.4673509366008335,87.40236965159687,85.44319363257752,4.005754407690316,trend_reversal,65.68785734568442
2023-06-17 00:00:00+00:00,2023-06-17 16:00:00+00:00,short,mean_reversion,26262.16,26475.3,0.06486765831665532,1.1525055310323988,-13.825892693611877,-15.543283407842821,3.420955535768278,trend_reversal,50.25084877551939
2023-06-20 00:00:00+00:00,2023-06-20 16:00:00+00:00,long,squeeze_breakout,26896.52,27982.77,0.06113182446163684,1.1254984995396984,66.40444432145301,64.69380653786266,3.3548711228592625,trend_reversal,63.88764602374114
2023-06-20 20:00:00+00:00,2023-06-21 00:00:00+00:00,long,squeeze_breakout,28307.99,28711.15,0.040955985917423436,0.7607775708828437,16.511815282468426,15.335921827395394,2.3352750948635954,trend_reversal,70.0
2023-06-21 12:00:00+00:00,2023-06-21 16:00:00+00:00,long,squeeze_breakout,29851.58,30112.03,0.030657759883184203,0.5950009467688133,7.984813561575236,7.0616461762399965,1.838349957108903,trend_reversal,70.0
2023-07-07 00:00:00+00:00,2023-07-07 08:00:00+00:00,long,mean_reversion,30135.4,30118.7,0.06861195728439297,1.3389201063530676,-1.1458196866494126,-3.2123226445108592,4.134151735409542,trend_reversal,65.4548225755397
2023-07-18 16:00:00+00:00,2023-07-18 20:00:00+00:00,short,squeeze_breakout,29715.99,29859.13,0.0543800332076677,1.0500137806404732,-7.7839579533455225,-9.40769843429759,3.239697003950788,trend_reversal,50.078703491308566
2023-07-24 08:00:00+00:00,2023-08-01 16:00:00+00:00,short,squeeze_breakout,29269.99,29274.41,0.06564479688873509,1.2575064673624523,-0.29015000224809445,-2.21186270073565,3.843135246972863,stop_loss,45.89869574383691
2023-08-16 20:00:00+00:00,2023-08-17 08:00:00+00:00,short,squeeze_breakout,28730.51,28545.11,0.08161007093960945,1.5386889510307626,15.130507152203414,12.800938700124458,4.6742674113101135,trend_reversal,57.50906084160412
2023-08-17 12:00:00+00:00,2023-08-17 16:00:00+00:00,short,squeeze_breakout,27934.02,27894.01,0.06589905412935256,1.1997934671563084,2.63662115571553,0.7984322808408286,3.6790143709051186,trend_reversal,48.57679521632531
2023-08-17 20:00:00+00:00,2023-08-18 00:00:00+00:00,short,squeeze_breakout,26623.41,26398.0,0.03507510144973102,0.6090481777301368,7.906278617783864,6.980366089713865,1.8597313347577829,trend_reversal,32.94578082675774
2023-08-29 16:00:00+00:00,2023-08-29 20:00:00+00:00,long,squeeze_breakout,27831.33,27716.34,0.048459862845597834,0.8761850600068795,-5.572399628615372,-6.915529663597329,2.6918324695925295,trend_reversal,49.21359133530015
2023-09-08 08:00:00+00:00,2023-09-11 16:00:00+00:00,short,mean_reversion,25839.51,25020.66,0.1012643104143558,1.7090640315891794,82.9202805827951,80.38658070178305,5.150320042606906,take_profit,38.856880437692645
2023-09-21 12:00:00+00:00,2023-09-27 08:00:00+00:00,short,squeeze_breakout,26584.02,26766.7,0.023260922691697543,0.3843676532249903,-4.249305357319314,-4.871923496731175,1.240986973466402,stop_loss,77.70482814681273
2023-09-27 12:00:00+00:00,2023-09-28 12:00:00+00:00,short,mean_reversion,26304.42,27020.0,0.11117980467305846,1.8240574645007495,-79.55804462794737,-82.5621229502134,5.928598599904133,stop_loss,65.95990784598285
2023-10-09 16:00:00+00:00,2023-10-10 20:00:00+00:00,long,mean_reversion,27616.66,27390.12,0.12195467444408103,2.2189618263481634,-27.627611948562222,-30.967965116146537,6.708333947117188,stop_loss,62.42531749987907
2023-10-11 00:00:00+00:00,2023-10-11 08:00:00+00:00,short,squeeze_breakout,27016.05,27196.26,0.060847974655609115,1.1081169687274757,-10.965413512687265,-12.620250851894621,3.2987092649020244,trend_reversal,47.86695917148242
2023-10-11 12:00:00+00:00,2023-10-15 20:00:00+00:00,short,squeeze_breakout,26779.46,27154.15,0.05227033080613746,0.9527320317244907,-19.585170249751766,-21.004526653011244,2.8191276362692035,stop_loss,39.759870452520374
2023-10-16 04:00:00+00:00,2023-10-16 16:00:00+00:00,long,squeeze_breakout,27849.06,28468.85,0.08579885850606254,1.651503049813618,53.17727451347227,50.73467968049195,4.832012391447165,trend_reversal,70.87543733774369
2023-10-23 16:00:00+00:00,2023-10-23 20:00:00+00:00,long,squeeze_breakout,31354.42,33069.99,0.034840128936065494,0.7306192327665404,59.77067999884587,58.61851728333148,2.244554751029947,trend_reversal,72.66666666666666
2023-11-01 20:00:00+00:00,2023-11-02 12:00:00+00:00,long,squeeze_breakout,35421.43,34640.01,0.03471383299630633,0.7919271344024365,-27.126083379973633,-28.328570902104012,2.4321011276407365,stop_loss,70.0
2023-11-15 08:00:00+00:00,2023-11-15 20:00:00+00:00,long,mean_reversion,36240.94,37858.2,0.0483852346725918,1.1512672778644553,78.25150462659556,76.41972673531365,3.585304277937234,take_profit,69.54633618054218
2023-11-22 00:00:00+00:00,2023-11-24 12:00:00+00:00,long,mean_reversion,36380.0,38221.11,0.04313270936120101,0.982084459417768,79.41206253200082,77.76348250290832,3.2177479956529864,take_profit,63.686805571669446
2023-11-27 16:00:00+00:00,2023-11-28 16:00:00+00:00,long,mean_reversion,36877.0,38114.26,0.0954648039754187,2.103035620741723,118.11478336662674,114.47621300705859,7.159025935769659,take_profit,63.52231967455886
2023-12-12 00:00:00+00:00,2023-12-12 20:00:00+00:00,long,mean_reversion,41735.29,41492.39,0.03866081610266271,0.9039616603730608,-9.39071223133683,-10.994841890786791,3.2176500311312592,trend_reversal,56.515710758858816
2023-12-19 00:00:00+00:00,2023-12-24 20:00:00+00:00,long,squeeze_breakout,43082.2,42991.5,0.02807595878670923,0.6824748520542677,-2.5464894619544456,-3.7535170441332557,2.4166016538195745,stop_loss,55.75846589910151
2024-02-27 00:00:00+00:00,2024-02-27 04:00:00+00:00,long,squeeze_breakout,55667.6,56059.08,0.02367843495811275,0.7458088668743923,9.269633717402055,7.942242437810416,2.645512925465877,trend_reversal,70.0
2024-02-28 12:00:00+00:00,2024-02-28 16:00:00+00:00,long,squeeze_breakout,60966.22,60951.11,0.013898977839932112,0.47766067301288867,-0.2100135551613823,-1.0571716823706467,1.6945262679736905,trend_reversal,71.66666666666666
2024-03-04 00:00:00+00:00,2024-03-04 12:00:00+00:00,long,squeeze_breakout,63458.72,66451.65,0.02479361139247236,0.8878609518784136,74.20554334487213,72.55796695838355,3.2209472296322996,trend_reversal,75.0
2024-03-04 16:00:00+00:00,2024-03-04 20:00:00+00:00,long,squeeze_breakout,67405.26,68245.71,0.018747363729385437,0.6856314459111992,15.756221846362209,14.47679469802205,2.543098074833952,trend_reversal,70.83333333333334
2024-03-11 04:00:00+00:00,2024-03-14 16:00:00+00:00,long,squeeze_breakout,71019.99,69415.09,0.020439951293804586,0.7820145284772944,-32.80407783142716,-34.22291889008222,2.8704861951415506,stop_loss,70.0
2024-03-14 20:00:00+00:00,2024-03-15 00:00:00+00:00,long,mean_reversion,71388.94,68224.01,0.020288710165140493,0.7955497395118186,-64.21234746295825,-65.5965246281519,2.8325666778502514,stop_loss,68.82533257761796
2024-03-15 04:00:00+00:00,2024-03-16 16:00:00+00:00,long,mean_reversion,68448.29,66911.52,0.016724829848668302,0.6528317514558444,-25.702216766537813,-26.82130055345358,2.2638697905980703,stop_loss,51.47918109283101
2024-03-24 20:00:00+00:00,2024-04-01 04:00:00+00:00,long,squeeze_breakout,67209.99,69594.94,0.014416612587263948,0.5615080767447392,34.38290018999511,33.37957690198123,1.9722636758377636,stop_loss,58.6026480024459
2024-04-02 12:00:00+00:00,2024-04-02 16:00:00+00:00,short,squeeze_breakout,64890.0,65914.9,0.013830753924128239,0.5105064435661836,-14.17513969683895,-15.086792458672472,1.8091303839702018,trend_reversal,61.6296527449586
2024-04-12 16:00:00+00:00,2024-04-13 00:00:00+00:00,short,squeeze_breakout,66843.98,67160.55,0.01239313859272657,0.4755410064652777,-3.923295884299537,-4.75562588841328,1.6607367123431855,trend_reversal,62.46097979803784
2024-04-13 16:00:00+00:00,2024-04-19 04:00:00+00:00,short,squeeze_breakout,64788.01,64547.18,0.011925373615048208,0.4449440013421432,2.8719877277120807,2.1022384904143134,1.5423704623232468,stop_loss,44.85542143159678
2024-04-24 16:00:00+00:00,2024-04-29 20:00:00+00:00,short,squeeze_breakout,63976.06,63866.0,0.020057279652302158,0.7384070326611818,2.207504198532329,0.9265259762583993,2.5641639487463914,stop_loss,49.34095981607568
2024-04-30 08:00:00+00:00,2024-05-03 12:00:00+00:00,short,squeeze_breakout,61204.42,61690.74,0.018312399036997863,0.6450947056817383,-8.905685899672795,-10.03539134744048,2.250505209635698,stop_loss,51.147791473228295
2024-05-04 00:00:00+00:00,2024-05-05 00:00:00+00:00,short,mean_reversion,62724.0,63235.93,0.023531174382205873,0.8550085322088681,-12.04631410148266,-13.534329797533623,2.9639850780004453,trend_reversal,64.16472215717326
2024-05-08 20:00:00+00:00,2024-05-09 20:00:00+00:00,short,squeeze_breakout,61193.03,63074.01,0.017803464261237866,0.6366377565920839,-33.48796020610326,-34.61089608895122,2.2123838054898166,stop_loss,61.11573745169963
2024-05-13 20:00:00+00:00,2024-05-15 12:00:00+00:00,short,mean_reversion,62940.08,64725.11,0.01965578231373539,0.7383455904779722,-35.08616110348706,-36.35838377587964,2.509359183681668,stop_loss,76.31428863963957
2024-06-11 04:00:00+00:00,2024-06-12 08:00:00+00:00,short,squeeze_breakout,67570.18,67778.43,0.029547107885937493,1.218898847565251,-6.153185217246483,-8.155841800795944,3.999159981881678,stop_loss,56.37371612677677
2024-06-18 12:00:00+00:00,2024-06-20 08:00:00+00:00,short,squeeze_breakout,64706.0,66169.85,0.01960587335782075,0.7793428764875878,-28.70005771484602,-29.997375414052016,2.565935340697145,stop_loss,40.31395455331769
2024-06-21 08:00:00+00:00,2024-06-24 08:00:00+00:00,short,squeeze_breakout,63770.0,61291.95,0.02289752703851246,0.9145883594306236,56.741216877785874,55.33778279541772,2.8636093816140935,trend_reversal,37.1973575124162
2024-06-24 16:00:00+00:00,2024-06-25 00:00:00+00:00,short,squeeze_breakout,59306.72,61302.59,0.02451312024445997,0.8808645116116232,-48.92500130231021,-50.427719062277035,2.9565105186313483,stop_loss,30.619693417208396
2024-06-28 16:00:00+00:00,2024-06-30 12:00:00+00:00,short,squeeze_breakout,60123.73,61717.9,0.021882100696892018,0.8230248648225839,-34.88378846796431,-36.23430577056502,2.6661508167334595,stop_loss,53.37469494610524
2024-07-01 08:00:00+00:00,2024-07-02 04:00:00+00:00,short,mean_reversion,62662.09,62629.99,0.04752475142603205,1.9077706593597772,1.5255445207755596,-1.4509301857893129,5.954474957650521,trend_reversal,65.64579421069134
2024-07-03 08:00:00+00:00,2024-07-05 00:00:00+00:00,short,squeeze_breakout,60386.01,55227.99,0.02093943689098285,0.8123379247721488,108.00603427242744,106.84959126120661,2.420892056714091,trend_reversal,52.04582643708338
2024-07-15 00:00:00+00:00,2024-07-15 20:00:00+00:00,long,squeeze_breakout,62647.87,64724.14,0.020011290150037855,0.7542470774189444,41.54884139981903,40.25362785456736,2.548878249103523,trend_reversal,65.75147747938458
2024-07-19 16:00:00+00:00,2024-07-23 04:00:00+00:00,long,squeeze_breakout,67157.26,66576.0,0.016932741140274276,0.6684670928770909,-9.842325115195736,-10.969639289350637,2.264470673424996,stop_loss,70.0
2024-07-25 12:00:00+00:00,2024-07-26 12:00:00+00:00,long,mean_reversion,64790.88,67560.01,0.029489711984984422,1.131217389677687,81.66084614897983,79.66852091237716,3.902989627056355,take_profit,69.31221681609163
2024-07-30 20:00:00+00:00,2024-07-31 16:00:00+00:00,long,mean_reversion,66188.0,65256.83,0.028074735631908803,1.0517429205027404,-26.142351578364472,-27.97441982879089,3.6902788524311956,trend_reversal,72.11210136310694
2024-08-01 12:00:00+00:00,2024-08-01 20:00:00+00:00,short,squeeze_breakout,62906.6,65354.02,0.01690736686402969,0.6123258850538912,-41.37942781036352,-42.48439220254265,2.1685493565479037,stop_loss,50.07874088645096
2024-08-02 20:00:00+00:00,2024-08-05 00:00:00+00:00,short,squeeze_breakout,61498.33,53890.87,0.011379838684104287,0.41327300951561746,86.57166759577599,85.95839818862996,1.3131104818878465,trend_reversal,38.697699573962886
2024-08-09 04:00:00+00:00,2024-08-10 20:00:00+00:00,short,mean_reversion,60863.57,60923.51,0.019925865697677358,0.6818350789508847,-1.1943563899188272,-2.4083100680099307,2.4267129997922883,trend_reversal,43.53534594722828
2024-08-27 20:00:00+00:00,2024-08-29 12:00:00+00:00,short,squeeze_breakout,59415.0,60779.99,0.018607883324495495,0.6228491072952886,-25.399574659103067,-26.53056162148707,2.236574350108903,stop_loss,57.12617998462544
2024-09-04 00:00:00+00:00,2024-09-09 12:00:00+00:00,short,squeeze_breakout,56653.98,55386.0,0.018444641233676413,0.5980055717446957,23.387436191477075,22.365861292108672,2.0665372349282807,stop_loss,50.35297053564487
2024-09-10 00:00:00+00:00,2024-09-10 16:00:00+00:00,short,mean_reversion,56524.74,57952.01,0.036550591982838554,1.1680747689375561,-52.16756341934613,-54.28574369144151,4.184192980771414,stop_loss,55.69458078205295
2024-09-10 20:00:00+00:00,2024-09-11 20:00:00+00:00,short,mean_reversion,57635.99,57338.0,0.03100797070117427,1.0436781011539,9.240065189242857,7.462130165178927,3.565110113317104,trend_reversal,60.13891427074394
2024-10-01 20:00:00+00:00,2024-10-02 00:00:00+00:00,short,squeeze_breakout,60805.78,61750.47,0.01807684027753273,0.6397789545358207,-17.077010241782435,-18.193263625035012,2.2154297562633705,trend_reversal,65.44708192551677
2024-10-09 20:00:00+00:00,2024-10-11 12:00:00+00:00,short,squeeze_breakout,60636.02,62259.05,0.021294479139102665,0.7600893586235546,-34.56157847713793,-35.88735251858328,2.6169865044135614,stop_loss,52.27442988274644
2024-10-14 04:00:00+00:00,2024-10-21 08:00:00+00:00,long,squeeze_breakout,64620.87,68238.01,0.025472942238830447,0.9906704905323196,92.13919828976296,90.40097540254023,3.384306576155706,stop_loss,74.69467619143725
2024-11-06 00:00:00+00:00,2024-11-10 20:00:00+00:00,long,squeeze_breakout,74348.53,80370.01,0.012434170072356508,0.5281614301081814,74.87210640729322,73.87277203423622,1.9237966397066932,trend_reversal,70.0
2024-11-11 00:00:00+00:00,2024-11-11 08:00:00+00:00,long,squeeze_breakout,81612.23,82134.0,0.015658514969937806,0.7008908396056848,8.170143355864512,6.884046887323641,2.5640227937258793,trend_reversal,70.0
2024-11-11 12:00:00+00:00,2024-11-11 16:00:00+00:00,long,squeeze_breakout,84059.54,86102.21,0.012830593468585364,0.589718879285462,26.208668360475432,25.103925907218667,2.1832762381530557,trend_reversal,70.0
2024-11-11 20:00:00+00:00,2024-11-12 00:00:00+00:00,long,squeeze_breakout,88647.99,88047.46,0.010130367428550328,0.48466022443038126,-6.083589551867317,-6.975542672817905,1.7899898314530434,trend_reversal,70.0
2024-11-26 00:00:00+00:00,2024-11-26 08:00:00+00:00,long,mean_reversion,94464.0,92356.85,0.019251765755051484,0.985665510695527,-40.56635821075662,-42.344390652831045,3.59663124235961,stop_loss,63.888729359282266
2024-11-27 00:00:00+00:00,2024-11-30 08:00:00+00:00,long,mean_reversion,92588.0,96267.99,0.015231362372790425,0.7830830211831954,56.051261218245116,54.58496857765495,2.876534019962085,stop_loss,58.51148728832089
2024-12-19 00:00:00+00:00,2024-12-19 16:00:00+00:00,long,mean_reversion,101193.15,97199.72,0.017963048290119053,0.980410056167016,-71.73417593321,-73.48017919735605,3.5637407042253115,stop_loss,57.066705320885546
2024-12-20 08:00:00+00:00,2024-12-20 12:00:00+00:00,short,squeeze_breakout,92723.98,96991.62,0.007193124078104912,0.37496623201512896,-30.69766404068364,-31.39533679788004,1.36464785035212,trend_reversal,30.05971301200217
2025-01-02 08:00:00+00:00,2025-01-07 12:00:00+00:00,long,squeeze_breakout,96732.99,97952.26,0.014978239604925362,0.8295021866692803,18.26251820309719,16.795365782973246,2.9160423220447953,stop_loss,41.54890164697229
2025-01-07 20:00:00+00:00,2025-01-08 00:00:00+00:00,long,mean_reversion,96954.61,96525.2,0.0200506962264127,1.103268014974407,-8.609969466583948,-10.545366929977678,3.879404896254046,trend_reversal,73.99703771751534
2025-01-13 08:00:00+00:00,2025-01-13 20:00:00+00:00,short,squeeze_breakout,90851.22,94536.1,0.01717028558643597,0.8916217006269094,-63.27044195174626,-64.89365378697413,3.1831532285039934,stop_loss,49.65207162019231
2025-02-17 12:00:00+00:00,2025-02-19 08:00:00+00:00,short,squeeze_breakout,95659.46,96422.6,0.02772320661557152,1.5756547009069999,-21.156687896607234,-23.82983155881784,5.325130636524606,stop_loss,64.43753307660374
2025-02-24 12:00:00+00:00,2025-02-25 12:00:00+00:00,short,squeeze_breakout,94323.95,87231.26,0.022841466779853867,1.3005382242637218,162.00744301480177,160.01495308734698,4.146987297924393,take_profit,54.65722631093861
2025-02-28 00:00:00+00:00,2025-02-28 12:00:00+00:00,short,squeeze_breakout,80452.44,84005.05,0.007831070341088913,0.34722269114548887,-27.82073880445589,-28.47858826001258,1.2878781723089265,stop_loss,31.94231632993441
2025-03-03 12:00:00+00:00,2025-03-04 04:00:00+00:00,short,mean_reversion,90035.37,83186.4,0.014146884912033897,0.7134201032083142,96.89159035597281,95.7147619289264,2.4505484444488057,take_profit,47.07507899762105
2025-03-09 12:00:00+00:00,2025-03-11 16:00:00+00:00,short,squeeze_breakout,83080.41,83104.01,0.012768390960409593,0.5643132254801365,-0.3013340266655549,-1.3624385167233433,2.1219076460889115,stop_loss,32.13989312274849
2025-03-18 12:00:00+00:00,2025-03-19 12:00:00+00:00,short,squeeze_breakout,81610.21,84733.05,0.014028203296176227,0.6098066785332096,-43.80783438143092,-44.99648683273599,2.3334970682286995,stop_loss,47.555278709686945
2025-03-28 04:00:00+00:00,2025-03-31 12:00:00+00:00,short,squeeze_breakout,85212.99,83418.78,0.009158307688903345,0.42616114065746236,16.431927238507328,15.667952384234392,1.5443816357843805,stop_loss,81.61829834038792
2025-04-02 20:00:00+00:00,2025-04-07 00:00:00+00:00,short,mean_reversion,82516.29,77707.77,0.019547129759012676,0.8736934508616092,93.99276438880743,92.47380052533391,3.1319204913358325,take_profit,53.3229047616623
2025-04-07 04:00:00+00:00,2025-04-07 12:00:00+00:00,short,squeeze_breakout,75126.01,78479.9,0.014244783442167836,0.5524809910748016,-47.77543673885227,-48.89336591891526,2.1880829233871224,stop_loss,34.68602252186125
2025-05-21 12:00:00+00:00,2025-05-23 20:00:00+00:00,long,squeeze_breakout,108973.35,107318.3,0.013312308029170548,0.7687660051780937,-22.032535403678754,-23.461189670445687,2.8793410689375465,stop_loss,73.0
2025-05-28 20:00:00+00:00,2025-05-29 12:00:00+00:00,long,mean_reversion,107781.78,107019.89,0.025712923430403226,1.488294535658827,-19.5904192323899,-22.342213469490073,5.523178893432741,stop_loss,61.02523231403443
2025-06-03 12:00:00+00:00,2025-06-04 12:00:00+00:00,long,squeeze_breakout,106610.66,105298.27,0.017498464016862354,1.0155226894644258,-22.964809191089973,-24.80736717972283,3.7080807864568035,trend_reversal,58.089470002960155
2025-06-05 16:00:00+00:00,2025-06-06 08:00:00+00:00,short,squeeze_breakout,101914.77,103927.99,0.016480799614611488,0.9278046677430755,-33.179475400128155,-34.8922917776675,3.392453279678565,stop_loss,42.204242694901914
2025-06-13 00:00:00+00:00,2025-06-13 04:00:00+00:00,short,squeeze_breakout,104277.22,104895.0,0.014935763025504312,0.8780542417083278,-9.227015681896036,-10.79370254445631,3.1241467094386537,trend_reversal,62.87045618860596
2025-06-13 12:00:00+00:00,2025-06-13 16:00:00+00:00,long,mean_reversion,105436.87,105110.0,0.02248385065576854,1.345867681713851,-7.349296263850958,-9.712573806278789,4.733904381119514,trend_reversal,74.12650815103984
2025-06-20 16:00:00+00:00,2025-06-23 04:00:00+00:00,short,squeeze_breakout,103307.22,101931.04,0.015707165325344632,0.9275923599232689,21.615886777432895,20.014839080368578,3.223711280906066,stop_loss,59.74967658249415
2025-07-02 00:00:00+00:00,2025-07-02 16:00:00+00:00,long,mean_reversion,106194.7,109676.14,0.03320093109994313,1.9945251121741572,115.5870495685861,111.94569960113837,7.167112885326848,take_profit,70.28972241752695
2025-08-01 16:00:00+00:00,2025-08-04 12:00:00+00:00,short,squeeze_breakout,113328.68,114826.0,0.013200954735246287,0.7974066066174732,-19.766053544179062,-21.28186637260845,3.0118596033146012,trend_reversal,47.22585841593879
2025-08-07 08:00:00+00:00,2025-08-11 16:00:00+00:00,long,squeeze_breakout,116519.53,119089.3,0.017124035718735584,1.0765754535741117,44.004833268935215,41.965543842016,4.034574020569501,stop_loss,71.92484957973348
2025-08-15 20:00:00+00:00,2025-08-16 20:00:00+00:00,long,mean_reversion,117342.05,117380.66,0.021489873664834087,1.3318661463694312,0.8297240221992566,-1.6927715318955874,5.044161384167489,trend_reversal,52.994646809035956
2025-08-18 00:00:00+00:00,2025-08-22 12:00:00+00:00,short,squeeze_breakout,115319.0,116370.75,0.0256841192635081,1.567856754405047,-27.013272435394644,-30.002152657178527,5.950747171132376,stop_loss,44.93637849669986
2025-08-23 00:00:00+00:00,2025-08-25 04:00:00+00:00,short,mean_reversion,115568.77,111511.55,0.02372733698717302,1.4773228285776696,96.26702617109814,93.62115404628615,5.388011275795085,take_profit,38.33588678000454
2025-08-29 12:00:00+00:00,2025-09-01 04:00:00+00:00,short,squeeze_breakout,108386.23,109432.99,0.014358289874158553,0.7992882712615786,-15.02968350867434,-16.600954100890235,3.127511500923114,stop_loss,31.645759487272954
2025-09-03 20:00:00+00:00,2025-09-05 00:00:00+00:00,short,mean_reversion,111705.71,111311.77,0.026687770358644915,1.5455509422654847,10.51338025508464,7.542717299110339,5.951839292203686,stop_loss,56.92892303965348
2025-09-22 04:00:00+00:00,2025-09-28 20:00:00+00:00,short,squeeze_breakout,112519.99,112163.95,0.03177308613292628,1.8490936472908295,11.312489586767331,7.7486947424080945,7.138902178305241,stop_loss,65.3652109891118
2025-09-29 00:00:00+00:00,2025-09-29 12:00:00+00:00,short,mean_reversion,111857.51,113815.57,0.05835791811145258,3.3689788628464408,-114.26830513731154,-120.91034485117984,13.169811122599288,stop_loss,61.91145526363728
2025-09-29 16:00:00+00:00,2025-09-30 08:00:00+00:00,long,squeeze_breakout,114265.55,113055.01,0.025153146705483492,1.5877697327609763,-30.448890212856192,-33.2925794651761,5.717827394852662,trend_reversal,72.3546576923536
2025-10-10 16:00:00+00:00,2025-10-11 04:00:00+00:00,short,squeeze_breakout,116661.5,110384.61,0.009895593850192938,0.6507500758024601,62.113554082337544,61.0212328144656,2.2467560898262295,trend_reversal,44.662188867461765
2025-10-20 08:00:00+00:00,2025-10-21 12:00:00+00:00,short,mean_reversion,111016.75,113422.61,0.027048978787091914,1.6374576290114577,-65.07605610471296,-68.14402187657956,6.070855487628485,stop_loss,35.66751168281348
2025-10-21 16:00:00+00:00,2025-10-23 12:00:00+00:00,short,mean_reversion,111780.39,109908.28,0.01639376364811476,1.039583554213843,30.69092886327213,28.88911849798131,3.6343116594449087,stop_loss,36.724988891646106
2025-10-26 12:00:00+00:00,2025-10-28 16:00:00+00:00,long,squeeze_breakout,113694.97,113689.99,0.020814904430382735,1.322255276836086,-0.10365822406322121,-2.47010450060439,4.732996211306402,stop_loss,65.65288297468307
2025-10-29 16:00:00+00:00,2025-10-31 08:00:00+00:00,short,squeeze_breakout,110640.0,110415.61,0.013262777537568448,0.822094042769102,2.9760346516549765,1.5116169795500582,2.9318113788614912,stop_loss,59.63292975419675
2025-11-03 12:00:00+00:00,2025-11-07 16:00:00+00:00,short,squeeze_breakout,105745.71,103395.25,0.016345810310483235,0.9683521059324043,38.42017330237853,36.73009415887354,3.4185784603123617,stop_loss,39.90688038381856
2025-11-10 12:00:00+00:00,2025-11-11 00:00:00+00:00,short,mean_reversion,105079.99,106456.0,0.026549748724401072,1.5328898005592564,-36.53271974226298,-39.359099792467816,5.616227380667418,stop_loss,56.72549855936238
2025-11-11 04:00:00+00:00,2025-11-12 08:00:00+00:00,short,mean_reversion,104783.98,105020.83,0.021602908656370177,1.2732499727032216,-5.116648915261402,-7.385404312767584,4.532394146097101,stop_loss,54.362806440855515
2025-12-01 00:00:00+00:00,2025-12-02 04:00:00+00:00,short,squeeze_breakout,86346.13,87012.65,0.018723191281513688,0.9143086143545853,-12.479381452954307,-14.10853594281571,3.2458295982698493,stop_loss,41.61829763736621
2025-12-02 20:00:00+00:00,2025-12-03 04:00:00+00:00,short,mean_reversion,91277.88,92999.99,0.016510898606280414,0.8599752160519875,-28.433583598861574,-29.969097004136668,3.0425932269513236,trend_reversal,61.88539406376559
2025-12-15 12:00:00+00:00,2025-12-18 12:00:00+00:00,short,squeeze_breakout,87033.22,88513.44,0.01833861670275287,0.9274117430360327,-27.145187215748873,-28.768401264950988,3.219282911188479,stop_loss,49.16487401928586
2025-12-18 16:00:00+00:00,2025-12-19 04:00:00+00:00,short,squeeze_breakout,84483.79,87953.4,0.010744253576955113,0.5369100278447844,-37.27836965313924,-38.2233632856946,1.8527088954575883,stop_loss,49.70699232263367
2026-01-19 08:00:00+00:00,2026-01-20 00:00:00+00:00,long,mean_reversion,93191.96,92434.92,0.04578400758095245,2.5835353924191784,-34.660325099084616,-38.89236617710935,8.49874248114855,stop_loss,61.16547608933717
2026-01-20 04:00:00+00:00,2026-01-20 20:00:00+00:00,short,squeeze_breakout,91177.98,88427.66,0.020250008327327707,1.1479892475922637,55.69400290281578,53.90334205144968,3.6370157056350223,trend_reversal,49.98112852310814
2026-01-25 16:00:00+00:00,2026-01-26 04:00:00+00:00,short,squeeze_breakout,86495.16,88000.64,0.022477606385664466,1.1709286341431324,-33.83958686149005,-35.81763060909661,3.92224790835163,stop_loss,31.021732525306696
2026-02-14 12:00:00+00:00,2026-02-18 16:00:00+00:00,short,mean_reversion,69778.28,66177.14,0.023073766041828418,0.9922437478428872,83.09186184386998,81.56490599819266,3.13700355319852,take_profit,33.7220651000565
2026-02-23 00:00:00+00:00,2026-02-25 00:00:00+00:00,short,squeeze_breakout,64934.17,65391.73,0.022794109755599735,0.8693333295082155,-10.429672859772328,-11.920219130500872,2.9706628685973158,stop_loss,42.382313864386575
2026-02-25 20:00:00+00:00,2026-02-28 04:00:00+00:00,short,mean_reversion,67988.04,63826.0,0.019576887039298746,0.7879492100578549,81.47978693304283,80.23027254087255,2.580508571273606,take_profit,68.713922412431
2026-03-10 08:00:00+00:00,2026-03-10 16:00:00+00:00,long,squeeze_breakout,70580.94,70043.63,0.013896918404753386,0.5547563723822451,-7.46695322805801,-8.440343838940747,1.954248174993531,trend_reversal,73.56263116654966
2026-03-19 04:00:00+00:00,2026-03-21 08:00:00+00:00,short,squeeze_breakout,70191.17,70585.58,0.0072782691883069295,0.29048737545279835,-2.8706221505601617,-3.3843630026129357,1.0246110819549874,forced_close_end_of_data,75.01024628261544
